employee_id,login_attempts,network_traffic_mb,data_transfer_gb,hour_of_day,attack_type
E008,0,0.3359375,0.000789642333984375,22,normal.
E029,0,0.3349609375,0.0011234283447265625,11,normal.
E005,0,0.3232421875,0.000629425048828125,9,normal.
E006,0,0.9794921875,0.00031185150146484375,21,normal.
E008,0,0.1025390625,0.0,20,normal.
E039,0,0.287109375,0.0011548995971679688,20,normal.
E009,0,0.2099609375,0.0015001296997070312,18,normal.
E022,0,0.2509765625,0.0027370452880859375,20,normal.
E014,0,0.22265625,0.00028896331787109375,2,normal.
E021,0,0.1943359375,0.006226539611816406,17,normal.
E020,0,0.203125,0.003692626953125,14,normal.
E000,0,0.27734375,0.02088165283203125,11,normal.
E037,0,0.0439453125,0.0001087188720703125,17,normal.
E024,0,0.220703125,0.012969017028808594,11,normal.
E028,0,0.1982421875,0.0001621246337890625,9,normal.
E048,0,0.09765625,3.4332275390625e-05,15,normal.
E033,0,0.2119140625,0.0019254684448242188,15,normal.
E008,0,0.1435546875,0.00010013580322265625,3,normal.
E033,0,0.0,0.0,19,neptune.
E016,0,0.1025390625,0.00014019012451171875,12,normal.
E032,0,0.328125,0.0006399154663085938,6,normal.
E015,0,0.1025390625,0.00013828277587890625,0,normal.
E006,0,0.0,0.0,16,normal.
E023,0,0.30078125,0.005336761474609375,8,normal.
E027,0,0.208984375,0.003490447998046875,5,normal.
E040,0,0.2314453125,0.0013580322265625,2,normal.
E009,0,0.1591796875,0.01742839813232422,18,normal.
E029,0,0.3154296875,0.0017995834350585938,15,normal.
E017,0,0.1025390625,0.00014019012451171875,15,normal.
E042,0,0.1025390625,0.00013828277587890625,13,normal.
E038,0,0.0439453125,0.00010585784912109375,22,normal.
E029,0,0.1923828125,0.0012254714965820312,2,normal.
E015,0,1.294921875,0.00031566619873046875,9,normal.
E043,0,1.0078125,0.0,7,smurf.
E020,0,0.0,0.0,2,normal.
E030,0,0.0,0.0,17,normal.
E040,0,0.21484375,0.0011739730834960938,14,normal.
E032,0,0.0,0.0,5,neptune.
E046,0,0.2939453125,0.0031156539916992188,21,normal.
E036,0,0.2880859375,0.00025081634521484375,2,normal.
E048,0,0.3349609375,0.0003871917724609375,23,normal.
E011,0,0.2470703125,0.0016469955444335938,18,normal.
E041,0,0.0,0.0,6,normal.
E006,0,0.2138671875,0.000583648681640625,2,normal.
E008,0,0.1435546875,0.00010013580322265625,7,normal.
E033,0,2.4658203125,0.00038242340087890625,8,normal.
E001,0,0.2998046875,0.008419990539550781,9,normal.
E003,0,0.2099609375,0.00032138824462890625,2,normal.
E004,0,0.39453125,0.0033693313598632812,9,normal.
E015,0,0.2490234375,0.0021257400512695312,0,normal.
E029,0,0.04296875,0.00010776519775390625,12,normal.
E005,0,0.365234375,0.0003185272216796875,14,normal.
E030,0,1.435546875,0.000316619873046875,12,normal.
E025,0,0.1025390625,0.0001392364501953125,16,normal.
E042,0,0.046875,4.57763671875e-05,11,normal.
E023,0,0.3291015625,0.003204345703125,15,normal.
E027,0,0.1025390625,0.00014019012451171875,16,normal.
E046,0,1.4970703125,0.000347137451171875,4,normal.
E011,0,0.2626953125,0.008856773376464844,16,normal.
E044,0,0.193359375,0.0006284713745117188,0,normal.
E019,0,0.0439453125,0.00012493133544921875,15,normal.
E037,0,1.0078125,0.0,19,smurf.
E012,0,0.234375,0.008022308349609375,1,normal.
E015,0,0.28125,0.0007123947143554688,1,normal.
E035,0,0.029296875,0.0,9,normal.
E021,0,0.265625,0.0012483596801757812,21,normal.
E040,0,0.2900390625,0.001316070556640625,3,normal.
E029,0,0.142578125,0.00010013580322265625,13,normal.
E049,0,0.19140625,0.0012149810791015625,18,normal.
E036,0,12.03515625,0.0,21,normal.
E030,0,0.283203125,0.0034284591674804688,8,normal.
E017,0,0.205078125,0.0012798309326171875,17,normal.
E049,0,1.1826171875,0.0003147125244140625,3,normal.
E048,0,2.337890625,0.0003871917724609375,16,normal.
E044,0,0.259765625,0.008810043334960938,21,normal.
E028,0,0.2822265625,0.0023593902587890625,20,normal.
E039,0,0.6259765625,0.0,16,normal.
E031,0,0.3056640625,0.0002536773681640625,17,normal.
E032,0,0.2158203125,0.0019445419311523438,12,normal.
E041,0,0.296875,0.0010166168212890625,16,normal.
E037,0,0.041015625,4.00543212890625e-05,9,normal.
E035,0,0.1435546875,0.00014019012451171875,23,normal.
E036,0,0.23046875,0.007014274597167969,12,normal.
E028,0,0.224609375,0.001316070556640625,17,normal.
E013,0,0.2138671875,0.005568504333496094,20,normal.
E030,0,0.1025390625,0.0001392364501953125,13,normal.
E004,0,1.1689453125,0.0003147125244140625,8,normal.
E018,0,0.20703125,0.012042999267578125,10,normal.
E043,0,0.73046875,0.0,20,normal.
E006,0,0.234375,0.001033782958984375,4,normal.
E011,0,0.1435546875,0.00010013580322265625,3,normal.
E048,0,0.0,0.0,12,normal.
E002,0,0.287109375,0.0009593963623046875,14,normal.
E002,0,0.0,0.0,22,normal.
E046,0,0.1572265625,0.000347137451171875,3,normal.
E045,0,0.2001953125,0.0076904296875,19,normal.
E018,0,0.1630859375,0.032440185546875,8,normal.
E020,0,0.2998046875,0.0023908615112304688,6,normal.
E016,0,0.2021484375,0.000293731689453125,13,normal.
E019,0,0.3232421875,0.00031280517578125,18,normal.
E010,0,0.3427734375,0.0075206756591796875,13,normal.
E049,0,0.2177734375,0.0010805130004882812,3,normal.
E007,0,0.3798828125,0.0010433197021484375,16,normal.
E005,0,0.2822265625,0.0032987594604492188,7,normal.
E001,0,0.21875,0.0005893707275390625,17,normal.
E035,0,0.1025390625,0.00014019012451171875,16,normal.
E016,0,0.0,0.0,8,normal.
E018,0,0.029296875,0.0,5,normal.
E019,0,0.205078125,0.0026807785034179688,22,normal.
E046,0,0.927734375,0.00032329559326171875,10,normal.
E045,0,0.6982421875,0.00031280517578125,23,normal.
E003,0,0.1025390625,0.0,11,normal.
E011,0,0.212890625,0.0009975433349609375,18,normal.
E001,0,0.1416015625,0.00010013580322265625,1,normal.
E004,0,0.19921875,0.00024127960205078125,5,normal.
E044,0,0.1025390625,0.00013828277587890625,22,normal.
E042,0,0.0,0.0,4,neptune.
E028,0,0.1025390625,0.00014019012451171875,1,normal.
E029,0,0.326171875,0.0016832351684570312,8,normal.
E047,0,0.2041015625,0.009246826171875,8,normal.
E023,0,1.0078125,0.0,17,smurf.
E008,0,0.1435546875,0.0,8,normal.
E020,0,0.2158203125,0.0002574920654296875,10,normal.
E030,0,0.232421875,0.001499176025390625,12,normal.
E047,0,0.228515625,0.0018415451049804688,19,normal.
E048,0,0.0,0.0,17,normal.
E028,0,0.30078125,0.0015811920166015625,19,normal.
E034,0,0.2939453125,0.000667572021484375,0,normal.
E000,0,0.203125,0.0011730194091796875,13,normal.
E039,0,0.1513671875,0.0005941390991210938,16,normal.
E020,0,0.029296875,0.0,13,normal.
E024,0,0.142578125,0.00010013580322265625,4,normal.
E048,0,0.8359375,0.00032138824462890625,2,normal.
E028,0,0.1435546875,0.0,4,normal.
E013,0,0.2255859375,0.0021352767944335938,11,normal.
E026,0,0.029296875,0.0,14,normal.
E033,0,0.2041015625,0.0007219314575195312,22,normal.
E043,0,0.3232421875,0.0032777786254882812,22,normal.
E002,0,0.3203125,0.0013170242309570312,8,normal.
E030,0,0.3193359375,0.012323379516601562,0,normal.
E039,0,0.2021484375,0.0019750595092773438,18,normal.
E012,0,0.263671875,0.007320404052734375,14,normal.
E043,0,0.1025390625,0.0,21,normal.
E028,0,0.966796875,0.00031948089599609375,9,normal.
E034,0,0.7734375,0.0003147125244140625,9,normal.
E030,0,0.013671875,3.910064697265625e-05,21,normal.
E024,0,0.0,0.0,8,neptune.
E031,0,0.8154296875,0.00035953521728515625,11,normal.
E036,0,0.2509765625,0.0008325576782226562,15,normal.
E018,0,0.2119140625,0.0004177093505859375,17,normal.
E014,0,0.2822265625,0.00040149688720703125,20,normal.
E047,0,1.404296875,0.000316619873046875,11,normal.
E045,0,0.369140625,0.00037384033203125,23,normal.
E003,0,0.3603515625,0.00031185150146484375,19,normal.
E036,0,1.0537109375,0.00031757354736328125,17,normal.
E046,0,0.029296875,0.0,6,normal.
E038,0,0.044921875,0.0001068115234375,7,normal.
E025,0,0.2138671875,0.00038242340087890625,17,normal.
E020,0,0.19140625,0.0055217742919921875,16,normal.
E046,0,0.3173828125,0.04263782501220703,4,normal.
E013,0,0.228515625,0.013825416564941406,17,normal.
E042,0,5.2109375,0.0,1,normal.
E036,0,0.3037109375,0.00150299072265625,14,normal.
E001,0,0.1025390625,0.0001392364501953125,3,normal.
E019,0,0.1435546875,0.00010013580322265625,21,normal.
E024,0,0.2822265625,0.00177001953125,17,normal.
E003,0,0.185546875,0.0028781890869140625,15,normal.
E000,0,2.517578125,0.0003185272216796875,17,normal.
E002,0,0.2158203125,0.00644683837890625,17,normal.
E013,0,0.3076171875,0.0006628036499023438,17,normal.
E047,0,0.201171875,0.00293731689453125,1,normal.
E049,0,0.0439453125,0.00015163421630859375,9,normal.
E007,0,0.197265625,0.0026607513427734375,5,normal.
E035,0,0.09765625,3.0517578125e-05,18,normal.
E041,0,0.0,0.0,7,normal.
E039,0,0.30859375,0.010521888732910156,3,normal.
E028,0,1.015625,0.000316619873046875,11,normal.
E015,0,0.1025390625,0.00014019012451171875,6,normal.
E026,0,0.216796875,0.0009517669677734375,19,normal.
E001,0,0.2353515625,0.008554458618164062,1,normal.
E000,0,0.04296875,6.771087646484375e-05,9,normal.
E035,0,0.328125,0.00408935546875,17,normal.
E049,0,0.2333984375,0.020481109619140625,7,normal.
E047,0,0.2744140625,0.00045871734619140625,11,normal.
E024,0,0.2734375,0.0030488967895507812,9,normal.
E009,0,0.1025390625,0.00014019012451171875,18,normal.
E026,0,0.2197265625,0.0004911422729492188,13,normal.
E011,0,0.1435546875,0.00010013580322265625,18,normal.
E021,0,0.0283203125,0.0,4,normal.
E016,0,0.7255859375,0.0003185272216796875,6,normal.
E009,0,0.142578125,0.00010013580322265625,2,normal.
E023,0,0.185546875,0.0021314620971679688,6,normal.
E025,0,0.041015625,4.00543212890625e-05,15,normal.
E033,0,0.1435546875,0.00010013580322265625,5,normal.
E031,0,0.28125,0.00023746490478515625,8,normal.
E020,0,0.0,0.0,21,normal.
E024,0,0.04296875,0.00010967254638671875,10,normal.
E033,0,0.1943359375,0.0003376007080078125,12,normal.
E011,0,0.322265625,0.0011072158813476562,23,normal.
E026,0,0.3232421875,0.00040149688720703125,7,normal.
E039,0,0.21875,0.00039577484130859375,11,normal.
E037,0,0.3193359375,0.0005083084106445312,1,normal.
E016,0,1.0078125,0.0,22,smurf.
E028,0,2.1875,0.0003204345703125,18,normal.
E020,0,0.2978515625,0.0023908615112304688,17,normal.
E006,0,0.2841796875,0.02796649932861328,11,normal.
E004,0,0.173828125,0.0029735565185546875,12,normal.
E033,0,0.2587890625,0.0005903244018554688,23,normal.
E000,0,0.0,0.0,23,normal.
E022,0,1.205078125,0.000316619873046875,12,normal.
E035,0,1.5703125,0.00026607513427734375,20,normal.
E030,0,0.205078125,0.00025081634521484375,23,normal.
E016,0,0.2236328125,0.014448165893554688,8,normal.
E037,0,0.2880859375,0.0015964508056640625,5,normal.
E028,0,0.2919921875,0.002567291259765625,18,normal.
E037,0,0.0439453125,0.0001087188720703125,0,normal.
E012,0,0.21875,0.0008821487426757812,14,normal.
E047,0,0.2431640625,0.0024576187133789062,7,normal.
E012,0,0.1826171875,0.011586189270019531,20,normal.
E010,0,0.142578125,0.00010013580322265625,13,normal.
E028,0,0.2734375,0.00244903564453125,17,normal.
E038,0,0.2939453125,0.0007381439208984375,3,normal.
E040,0,0.029296875,2.86102294921875e-05,20,normal.
E032,0,0.1025390625,0.0,3,normal.
E024,0,0.951171875,0.000316619873046875,3,normal.
E011,0,0.046875,4.57763671875e-05,7,normal.
E007,0,0.2744140625,0.00508880615234375,4,normal.
E041,0,0.2392578125,0.0023317337036132812,17,normal.
E036,0,0.9423828125,0.0,14,normal.
E014,0,0.22265625,0.000759124755859375,21,normal.
E025,0,0.240234375,0.0035753250122070312,13,normal.
E017,0,0.458984375,0.007874488830566406,22,normal.
E009,0,0.2861328125,0.002056121826171875,20,normal.
E018,0,0.0439453125,0.0001220703125,9,normal.
E011,0,0.298828125,0.0003185272216796875,10,normal.
E020,0,0.2138671875,0.0030832290649414062,10,normal.
E025,0,1.521484375,0.0003147125244140625,22,normal.
E021,0,0.294921875,0.0010538101196289062,9,normal.
E046,0,0.197265625,0.0006189346313476562,9,normal.
E023,0,0.17578125,0.0018854141235351562,5,normal.
E048,0,0.73046875,0.0,22,normal.
E029,0,0.3134765625,0.010028839111328125,19,normal.
E049,0,0.3115234375,0.0011310577392578125,16,normal.
E004,0,0.212890625,0.0011548995971679688,11,normal.
E001,0,0.3095703125,0.0004911422729492188,21,normal.
E047,0,0.2314453125,0.00026226043701171875,2,normal.
E020,0,0.197265625,0.00031185150146484375,3,normal.
E006,0,0.1025390625,0.0001392364501953125,16,normal.
E034,0,0.2197265625,0.0007476806640625,21,normal.
E029,0,0.224609375,0.0158233642578125,6,normal.
E011,0,0.271484375,0.008920669555664062,9,normal.
E004,0,0.044921875,0.000133514404296875,22,normal.
E001,0,1.1611328125,0.00030994415283203125,2,normal.
E042,0,0.31640625,0.0016384124755859375,4,normal.
E026,0,0.3134765625,0.0005006790161132812,6,normal.
E014,0,1.650390625,0.00039196014404296875,16,normal.
E007,0,0.33203125,0.024557113647460938,19,normal.
E012,0,0.3076171875,0.001338958740234375,11,normal.
E037,0,0.0283203125,0.0,19,normal.
E019,0,0.2060546875,0.00054168701171875,21,normal.
E018,0,0.2001953125,0.00676727294921875,8,normal.
E048,0,0.2314453125,0.00579071044921875,8,normal.
E019,0,0.345703125,0.0017461776733398438,9,normal.
E002,0,0.201171875,0.0004329681396484375,19,normal.
E009,0,0.19140625,0.0012149810791015625,22,normal.
E039,0,0.3056640625,0.00045108795166015625,12,normal.
E027,0,0.0,0.0,1,normal.
E001,0,0.3017578125,0.001316070556640625,5,normal.
E005,0,0.18359375,0.0059871673583984375,8,normal.
E021,0,0.013671875,3.910064697265625e-05,16,normal.
E007,0,0.3740234375,0.0,3,normal.
E030,0,0.2421875,0.0011730194091796875,12,normal.
E048,0,0.1025390625,0.0,3,normal.
E013,0,1.5810546875,0.00031375885009765625,12,normal.
E032,0,0.2099609375,0.0030078887939453125,20,normal.
E046,0,0.1953125,0.00046062469482421875,7,normal.
E037,0,0.1025390625,0.00014019012451171875,20,normal.
E033,0,0.029296875,0.0,14,normal.
E049,0,0.1025390625,0.00014019012451171875,7,normal.
E028,0,0.3173828125,0.0059528350830078125,8,normal.
E019,0,0.2548828125,0.00036334991455078125,21,normal.
E003,0,0.142578125,0.00010013580322265625,3,normal.
E041,0,0.2880859375,0.0012559890747070312,18,normal.
E038,0,0.2001953125,0.00045871734619140625,21,normal.
E004,0,0.1455078125,0.000823974609375,11,normal.
E012,0,1.07421875,0.00031375885009765625,14,normal.
E011,0,0.1025390625,0.0001392364501953125,11,normal.
E011,0,0.2099609375,0.003940582275390625,17,normal.
E012,0,0.3095703125,0.00038433074951171875,19,normal.
E014,0,0.3017578125,0.0002765655517578125,1,normal.
E018,0,0.30078125,0.001346588134765625,12,normal.
E015,0,0.234375,0.0010614395141601562,9,normal.
E014,0,0.0,0.0,16,normal.
E031,0,0.220703125,0.012287139892578125,18,normal.
E029,0,0.03515625,0.0,3,normal.
E043,0,0.1953125,0.014970779418945312,3,normal.
E037,0,0.2919921875,0.008819580078125,3,normal.
E014,0,0.158203125,0.027772903442382812,6,normal.
E010,0,0.3017578125,0.0012960433959960938,23,normal.
E027,0,0.1025390625,0.0,14,normal.
E012,0,0.2216796875,0.00037288665771484375,13,normal.
E013,0,0.1845703125,0.00029850006103515625,22,normal.
E044,0,2.4580078125,0.0003108978271484375,12,normal.
E040,0,0.044921875,4.38690185546875e-05,0,normal.
E046,0,0.2998046875,0.0004940032958984375,16,normal.
E028,0,0.3095703125,0.012054443359375,10,normal.
E033,0,0.2197265625,0.0007619857788085938,1,normal.
E015,0,1.0078125,0.0,2,smurf.
E026,0,8.48046875,0.0,18,normal.
E021,0,0.1025390625,0.00014019012451171875,12,normal.
E006,0,0.232421875,0.010216712951660156,17,normal.
E014,0,0.9755859375,0.00031757354736328125,7,normal.
E003,0,0.203125,0.00047206878662109375,0,normal.
E038,0,0.541015625,0.0,13,normal.
E033,0,0.3076171875,0.0013837814331054688,1,normal.
E044,0,0.31640625,0.0002288818359375,4,normal.
E004,0,0.0419921875,0.00012969970703125,10,normal.
E033,0,0.212890625,0.000743865966796875,9,normal.
E043,0,0.240234375,0.0025606155395507812,4,normal.
E041,0,0.275390625,0.0018033981323242188,6,normal.
E012,0,0.2666015625,0.004253387451171875,15,normal.
E019,0,0.3349609375,0.0044651031494140625,9,normal.
E010,0,0.2080078125,0.00024890899658203125,14,normal.
E024,0,0.142578125,0.00010013580322265625,1,normal.
E002,0,0.0087890625,3.4332275390625e-05,7,normal.
E047,0,0.3203125,0.0022325515747070312,16,normal.
E024,0,0.1025390625,0.00014019012451171875,18,normal.
E001,0,0.19140625,0.00027179718017578125,6,normal.
E038,0,0.232421875,0.008314132690429688,19,normal.
E004,0,4.0830078125,0.00031280517578125,1,normal.
E016,0,0.7294921875,0.00031375885009765625,3,normal.
E004,0,0.2265625,0.0016422271728515625,18,normal.
E019,0,0.2724609375,0.020608901977539062,11,normal.
E029,0,0.205078125,0.0003528594970703125,5,normal.
E011,0,0.4833984375,0.014317512512207031,19,normal.
E023,0,2.185546875,0.00031185150146484375,17,normal.
E037,0,0.28125,0.00032711029052734375,7,normal.
E020,0,0.318359375,0.0027017593383789062,4,normal.
E022,0,0.0,0.0,13,normal.
E002,0,0.23046875,0.000232696533203125,5,normal.
E016,0,9.2666015625,0.0003108978271484375,6,normal.
E041,0,0.0068359375,0.000133514404296875,3,normal.
E012,0,0.189453125,0.006052970886230469,7,normal.
E040,0,0.0,0.0,17,normal.
E000,0,0.2158203125,0.002124786376953125,21,normal.
E006,0,1.37109375,0.00031375885009765625,0,normal.
E002,0,0.2314453125,0.001194000244140625,17,normal.
E019,0,0.205078125,0.00177001953125,19,normal.
E047,0,0.0419921875,0.00012493133544921875,11,normal.
E019,0,0.3076171875,0.0013589859008789062,13,normal.
E032,0,0.1025390625,0.0,20,normal.
E028,0,0.0419921875,0.00012683868408203125,22,normal.
E027,0,0.041015625,0.000125885009765625,15,normal.
E011,0,0.9599609375,0.00031280517578125,4,normal.
E016,0,0.3740234375,0.0,10,normal.
E035,0,0.83984375,0.0003204345703125,5,normal.
E024,0,0.0,0.0,7,normal.
E006,0,0.232421875,0.000179290771484375,4,normal.
E014,0,0.2158203125,0.011081695556640625,19,normal.
E019,0,0.150390625,0.0013456344604492188,6,normal.
E001,0,0.30859375,0.0004596710205078125,23,normal.
E005,0,0.14453125,0.0004119873046875,4,normal.
E047,0,0.0,0.0,6,normal.
E006,0,0.2431640625,0.00028514862060546875,11,normal.
E039,0,0.1416015625,0.012576103210449219,16,normal.
E016,0,1.0078125,0.0,15,smurf.
E016,0,0.25,0.006058692932128906,4,normal.
E025,0,0.220703125,0.0017528533935546875,9,normal.
E042,0,0.2607421875,0.008856773376464844,2,normal.
E043,0,0.0,0.0,11,normal.
E011,0,0.1884765625,0.00029277801513671875,10,normal.
E032,0,0.244140625,0.00177001953125,23,normal.
E005,0,0.029296875,0.0,11,normal.
E030,0,0.1435546875,0.00010013580322265625,4,normal.
E027,0,0.1669921875,0.0037431716918945312,18,normal.
E022,0,0.1435546875,0.00010013580322265625,23,normal.
E003,0,0.2724609375,0.0003147125244140625,5,normal.
E038,0,0.326171875,0.0006742477416992188,6,normal.
E020,0,0.298828125,0.0023908615112304688,21,normal.
E008,0,0.3203125,0.0014925003051757812,21,normal.
E006,0,0.158203125,0.0036678314208984375,6,normal.
E023,0,0.0859375,0.0,22,normal.
E011,0,0.20703125,0.0024137496948242188,11,normal.
E034,0,0.2255859375,0.0014581680297851562,19,normal.
E011,0,0.16015625,0.0028371810913085938,4,normal.
E030,0,0.205078125,0.021871566772460938,13,normal.
E015,0,0.0,0.0,10,normal.
E012,0,1.6669921875,0.00031375885009765625,17,normal.
E041,0,0.2158203125,0.009270668029785156,0,normal.
E015,0,0.201171875,0.0035905838012695312,6,normal.
E030,0,10.638671875,0.0008716583251953125,13,normal.
E027,0,0.3056640625,0.0020589828491210938,2,normal.
E006,0,0.1025390625,0.0001392364501953125,5,normal.
E038,0,0.142578125,0.00010013580322265625,7,normal.
E018,0,0.1025390625,0.0001392364501953125,20,normal.
E023,0,0.041015625,4.00543212890625e-05,5,normal.
E003,0,0.677734375,0.0019807815551757812,15,normal.
E007,0,0.365234375,0.006989479064941406,19,normal.
E026,0,0.19921875,0.010866165161132812,7,normal.
E042,0,0.1416015625,0.00010013580322265625,14,normal.
E008,0,0.23828125,0.0006608963012695312,0,normal.
E044,0,0.1025390625,0.00013828277587890625,19,normal.
E038,0,0.1416015625,0.00010013580322265625,7,normal.
E027,0,0.3193359375,0.000446319580078125,2,normal.
E032,0,0.1953125,0.0005970001220703125,4,normal.
E016,0,0.201171875,0.0029468536376953125,0,normal.
E003,0,1.7109375,0.0003566741943359375,20,normal.
E049,0,0.2294921875,0.003421783447265625,19,normal.
E032,0,0.205078125,0.000301361083984375,13,normal.
E004,0,0.283203125,0.0034589767456054688,10,normal.
E023,0,0.3017578125,0.0002803802490234375,23,normal.
E035,0,0.189453125,0.0005970001220703125,22,normal.
E032,0,0.3056640625,0.0002994537353515625,3,normal.
E004,0,0.236328125,0.002368927001953125,10,normal.
E033,0,0.2939453125,0.000518798828125,11,normal.
E012,0,0.21484375,0.00036334991455078125,21,normal.
E012,0,0.365234375,0.0,13,normal.
E019,0,0.3056640625,0.00027942657470703125,4,normal.
E016,0,0.279296875,0.0014848709106445312,1,normal.
E048,0,0.5078125,0.0,12,smurf.
E031,0,0.1025390625,0.00014019012451171875,13,normal.
E021,0,0.1025390625,0.0001392364501953125,17,normal.
E012,0,0.0302734375,8.678436279296875e-05,10,normal.
E045,0,0.2255859375,0.00042057037353515625,10,normal.
E010,0,0.2890625,0.00102996826171875,23,normal.
E043,0,0.0068359375,0.0001316070556640625,21,normal.
E027,0,0.2333984375,0.0005464553833007812,1,normal.
E003,0,1.0078125,0.0,4,smurf.
E041,0,0.2919921875,0.014046669006347656,20,normal.
E032,0,0.1025390625,0.0001392364501953125,8,normal.
E027,0,0.3046875,0.00066375732421875,12,normal.
E000,0,1.0078125,0.0,17,smurf.
E021,0,0.046875,4.57763671875e-05,0,normal.
E048,0,0.197265625,0.0006914138793945312,8,normal.
E049,0,0.22265625,0.0007381439208984375,8,normal.
E015,0,0.2890625,0.0005970001220703125,13,normal.
E028,0,1.0078125,0.0,17,smurf.
E012,0,0.36328125,0.0008020401000976562,2,normal.
E037,0,0.2685546875,0.0029506683349609375,19,normal.
E008,0,0.041015625,4.00543212890625e-05,4,normal.
E020,0,0.029296875,0.0,23,normal.
E020,0,1.0078125,0.0,5,smurf.
E003,0,0.2822265625,0.000278472900390625,23,normal.
E026,0,0.0302734375,0.0,16,normal.
E006,0,0.1025390625,0.0001392364501953125,20,normal.
E011,0,0.1025390625,0.0,2,normal.
E008,0,0.142578125,0.0,18,normal.
E005,0,0.009765625,3.62396240234375e-05,6,normal.
E028,0,0.2998046875,0.0010576248168945312,8,normal.
E003,0,0.0,0.0,1,normal.
E015,0,0.2509765625,0.00035190582275390625,18,normal.
E044,0,0.1025390625,0.0,17,normal.
E021,0,0.14453125,0.0073184967041015625,7,normal.
E004,0,1.560546875,0.00031566619873046875,22,normal.
E049,0,0.3935546875,0.006171226501464844,4,normal.
E036,0,0.21875,0.0007333755493164062,5,normal.
E025,0,0.3291015625,0.0007381439208984375,22,normal.
E015,0,1.9990234375,0.00031566619873046875,15,normal.
E019,0,0.3115234375,0.0005903244018554688,0,normal.
E021,0,0.208984375,0.0024194717407226562,11,normal.
E014,0,0.2109375,0.0033435821533203125,21,normal.
E028,0,0.1025390625,0.00013828277587890625,9,normal.
E018,0,0.0,0.0,7,neptune.
E023,0,0.232421875,0.00046539306640625,15,normal.
E045,0,0.3447265625,0.0003528594970703125,3,normal.
E029,0,0.2314453125,0.00035858154296875,10,normal.
E044,0,0.0,0.0,19,neptune.
E001,0,0.029296875,0.0,6,normal.
E044,0,0.3212890625,0.0009279251098632812,4,normal.
E019,0,0.3447265625,0.0003299713134765625,11,normal.
E016,0,0.2109375,0.00252532958984375,21,normal.
E029,0,0.298828125,0.0010251998901367188,18,normal.
E045,0,0.1416015625,0.00010013580322265625,9,normal.
E026,0,0.2392578125,0.014446258544921875,9,normal.
E009,0,0.009765625,3.528594970703125e-05,5,normal.
E020,0,0.208984375,0.00022983551025390625,10,normal.
E014,0,0.201171875,0.00032520294189453125,14,normal.
E018,0,0.16015625,0.005990028381347656,19,normal.
E008,0,0.1025390625,0.0001392364501953125,3,normal.
E028,0,0.2412109375,0.0021467208862304688,0,normal.
E025,0,0.212890625,0.006422996520996094,6,normal.
E024,0,0.1025390625,0.00014019012451171875,11,normal.
E040,0,0.2216796875,0.0002899169921875,8,normal.
E047,0,0.208984375,0.006869316101074219,20,normal.
E045,0,0.2958984375,0.007289886474609375,17,normal.
E026,0,0.294921875,0.0019750595092773438,3,normal.
E038,0,0.298828125,0.0006771087646484375,12,normal.
E049,0,0.310546875,0.001201629638671875,18,normal.
E005,0,0.2412109375,0.00046062469482421875,0,normal.
E021,0,0.2109375,0.0024137496948242188,4,normal.
E005,0,0.046875,4.57763671875e-05,11,normal.
E037,0,0.2685546875,0.00029850006103515625,14,normal.
E012,0,0.2998046875,0.0009822845458984375,14,normal.
E017,0,0.171875,0.009993553161621094,22,normal.
E011,0,0.0,0.0,19,normal.
E024,0,0.25390625,0.0037670135498046875,2,normal.
E031,0,0.201171875,0.014235496520996094,14,normal.
E035,0,0.142578125,0.0,1,normal.
E030,0,0.1025390625,0.00013828277587890625,3,normal.
E025,0,0.1435546875,0.0,7,normal.
E001,0,0.3466796875,0.0009975433349609375,8,normal.
E038,0,0.3515625,0.0032711029052734375,6,normal.
E024,0,0.0439453125,0.0001049041748046875,20,normal.
E010,0,0.2041015625,0.0016126632690429688,0,normal.
E038,0,0.4072265625,0.00027179718017578125,5,normal.
E028,0,0.22265625,0.0005521774291992188,4,normal.
E030,0,0.15625,0.00042438507080078125,1,normal.
E026,0,0.3203125,0.0006055831909179688,7,normal.
E000,0,0.23046875,0.0030727386474609375,1,normal.
E028,0,5.7900390625,0.0,19,normal.
E003,0,0.0419921875,4.100799560546875e-05,15,normal.
E046,0,0.142578125,0.00010013580322265625,12,normal.
E030,0,2.4140625,0.0004673004150390625,1,normal.
E010,0,0.2392578125,0.0003223419189453125,4,normal.
E009,0,0.142578125,0.00010013580322265625,20,normal.
E025,0,0.046875,4.57763671875e-05,11,normal.
E032,0,0.2041015625,0.00029277801513671875,3,normal.
E000,0,0.3017578125,0.0012216567993164062,2,normal.
E015,0,0.248046875,0.001552581787109375,5,normal.
E043,0,0.044921875,4.38690185546875e-05,2,normal.
E028,0,0.2138671875,0.0037479400634765625,0,normal.
E033,0,0.1025390625,0.00013828277587890625,7,normal.
E046,0,0.04296875,0.0001239776611328125,15,normal.
E000,0,1.0537109375,0.00031948089599609375,13,normal.
E049,0,1.0078125,0.0,3,smurf.
E031,0,0.3291015625,0.003204345703125,14,normal.
E028,0,0.041015625,4.00543212890625e-05,14,normal.
E032,0,0.6796875,0.00031948089599609375,13,normal.
E012,0,0.3203125,0.0012359619140625,5,normal.
E033,0,0.2177734375,0.0014028549194335938,16,normal.
E016,0,0.2431640625,0.013729095458984375,17,normal.
E024,0,0.302734375,0.0033292770385742188,2,normal.
E049,0,0.318359375,0.00025844573974609375,0,normal.
E016,0,0.1787109375,0.0,22,normal.
E037,0,171.2275390625,0.0,19,normal.
E032,0,0.220703125,0.0028629302978515625,0,normal.
E036,0,0.306640625,0.001056671142578125,23,normal.
E049,0,7.109375,0.0,6,normal.
E040,0,0.142578125,0.00010013580322265625,3,normal.
E018,0,0.220703125,0.0014371871948242188,10,normal.
E013,0,0.3193359375,0.0002574920654296875,22,normal.
E024,0,0.7109375,0.0003223419189453125,19,normal.
E012,0,0.2353515625,0.0013132095336914062,23,normal.
E046,0,1.0078125,0.0,0,smurf.
E033,0,1.0078125,0.0,6,smurf.
E019,0,0.240234375,0.0004405975341796875,21,normal.
E008,0,0.1025390625,0.0001392364501953125,23,normal.
E019,0,0.0439453125,0.000125885009765625,0,normal.
E031,0,0.1025390625,0.0,9,normal.
E041,0,0.1630859375,0.0017709732055664062,23,normal.
E007,0,0.1025390625,0.00014019012451171875,10,normal.
E017,0,0.271484375,0.001491546630859375,8,normal.
E004,0,0.2919921875,0.0007381439208984375,1,normal.
E046,0,0.267578125,0.0066986083984375,16,normal.
E031,0,0.314453125,0.00018024444580078125,2,normal.
E046,0,0.208984375,0.0007677078247070312,14,normal.
E001,0,0.0,0.0,23,normal.
E024,0,0.228515625,0.000885009765625,18,normal.
E007,0,0.1884765625,0.00029277801513671875,23,normal.
E000,0,0.0,0.0,16,normal.
E027,0,0.2265625,0.0005064010620117188,20,normal.
E013,0,0.2138671875,0.00037384033203125,1,normal.
E028,0,0.2265625,0.0023908615112304688,5,normal.
E013,0,0.1025390625,0.00014019012451171875,8,normal.
E015,0,0.28515625,0.0008230209350585938,15,normal.
E035,0,0.3037109375,0.000640869140625,3,normal.
E042,0,0.2158203125,0.0006542205810546875,20,normal.
E044,0,0.2109375,0.0006513595581054688,8,normal.
E048,0,0.1025390625,0.00013828277587890625,19,normal.
E036,0,0.244140625,0.0014600753784179688,5,normal.
E030,0,0.0,0.0,7,normal.
E049,0,0.2236328125,0.0026731491088867188,3,normal.
E035,0,0.3271484375,0.00025081634521484375,9,normal.
E032,0,0.216796875,0.002471923828125,18,normal.
E032,0,0.3173828125,0.0002593994140625,13,normal.
E000,0,0.255859375,0.003101348876953125,7,normal.
E011,0,0.0,0.0,7,neptune.
E005,0,0.2109375,0.002475738525390625,18,normal.
E006,0,0.142578125,0.00010013580322265625,18,normal.
E023,0,0.0849609375,0.0,3,normal.
E034,0,0.9052734375,0.00031757354736328125,9,normal.
E026,0,0.2275390625,0.0010251998901367188,2,normal.
E024,0,0.2138671875,0.0018110275268554688,7,normal.
E032,0,0.3076171875,0.002674102783203125,23,normal.
E049,0,1.2119140625,0.00031948089599609375,22,normal.
E022,0,0.1435546875,0.00010013580322265625,7,normal.
E014,0,0.3232421875,0.0018367767333984375,4,normal.
E022,0,0.205078125,0.00023365020751953125,20,normal.
E001,0,0.31640625,0.0022268295288085938,7,normal.
E033,0,0.03515625,0.0,1,normal.
E017,0,1.39453125,0.00034809112548828125,6,normal.
E027,0,0.3349609375,0.0100860595703125,12,normal.
E042,0,0.7275390625,0.00031948089599609375,7,normal.
E029,0,0.2890625,0.0003376007080078125,6,normal.
E012,0,0.23828125,0.0010356903076171875,16,normal.
E048,0,0.2578125,0.0016841888427734375,23,normal.
E041,0,0.1025390625,0.00013828277587890625,18,normal.
E044,0,0.197265625,0.0022563934326171875,10,normal.
E037,0,0.142578125,0.00010013580322265625,9,normal.
E002,0,0.3251953125,0.00043964385986328125,8,normal.
E029,0,0.3115234375,0.010858535766601562,11,normal.
E029,0,0.2294921875,0.0003528594970703125,10,normal.
E035,0,0.2099609375,0.011597633361816406,13,normal.
E024,0,0.24609375,0.0008153915405273438,7,normal.
E045,0,0.310546875,0.0008172988891601562,20,normal.
E045,0,0.0341796875,0.0,22,normal.
E021,0,0.2412109375,0.00039005279541015625,1,normal.
E009,0,0.2392578125,0.0,18,normal.
E018,0,0.224609375,0.001132965087890625,0,normal.
E005,0,0.1982421875,0.0003719329833984375,2,normal.
E009,0,0.0283203125,0.0,21,normal.
E045,0,0.310546875,0.0015687942504882812,20,normal.
E041,0,0.3154296875,0.005734443664550781,13,normal.
E032,0,0.19921875,0.0009937286376953125,8,normal.
E038,0,0.1962890625,0.004780769348144531,6,normal.
E003,0,0.1025390625,0.0,12,normal.
E011,0,0.2548828125,0.009697914123535156,9,normal.
E018,0,3.4697265625,0.00031375885009765625,7,normal.
E027,0,0.1025390625,0.00014019012451171875,7,normal.
E011,0,1.0078125,0.0,16,smurf.
E030,0,0.3291015625,0.00925445556640625,12,normal.
E009,0,3.603515625,0.0,17,normal.
E049,0,0.2783203125,0.024336814880371094,11,normal.
E038,0,0.2724609375,0.003082275390625,6,normal.
E009,0,1.1650390625,0.0003528594970703125,20,normal.
E037,0,0.142578125,0.015482902526855469,20,normal.
E044,0,0.1435546875,0.00010013580322265625,13,normal.
E039,0,0.3134765625,0.009077072143554688,21,normal.
E015,0,0.2861328125,0.0023431777954101562,7,normal.
E031,0,0.3251953125,0.0030765533447265625,0,normal.
E020,0,0.0,0.0,17,normal.
E038,0,0.197265625,0.0002918243408203125,17,normal.
E006,0,0.1962890625,0.02647113800048828,23,normal.
E049,0,1.1005859375,0.00035858154296875,18,normal.
E047,0,0.1025390625,0.0,20,normal.
E038,0,0.2255859375,0.0010251998901367188,0,normal.
E004,0,0.154296875,0.00016117095947265625,21,normal.
E018,0,0.0,0.0,0,normal.
E033,0,0.271484375,0.00034809112548828125,19,normal.
E003,0,0.0,0.0,3,normal.
E001,0,4.21484375,0.0,18,normal.
E048,0,1.0078125,0.0,21,smurf.
E024,0,0.208984375,0.002105712890625,1,normal.
E019,0,0.2236328125,0.000774383544921875,11,normal.
E018,0,0.142578125,0.00010013580322265625,22,normal.
E008,0,0.1025390625,0.00013828277587890625,4,normal.
E035,0,0.1025390625,0.0001392364501953125,16,normal.
E018,0,0.2392578125,0.003696441650390625,12,normal.
E010,0,0.2275390625,0.0014677047729492188,1,normal.
E018,0,0.2880859375,0.0007352828979492188,5,normal.
E048,0,0.19140625,0.002971649169921875,9,normal.
E011,0,0.22265625,0.006169319152832031,5,normal.
E020,0,0.234375,0.007781028747558594,1,normal.
E031,0,0.26171875,0.020061492919921875,12,normal.
E004,0,0.14453125,0.0005693435668945312,11,normal.
E031,0,0.2197265625,0.024001121520996094,23,normal.
E007,0,0.333984375,0.0009870529174804688,5,normal.
E032,0,0.26171875,0.00018215179443359375,11,normal.
E016,0,0.1689453125,0.007648468017578125,23,normal.
E028,0,0.7041015625,0.000316619873046875,11,normal.
E004,0,0.1435546875,0.00010013580322265625,18,normal.
E017,0,0.142578125,0.00010013580322265625,15,normal.
E024,0,0.3076171875,0.0030469894409179688,11,normal.
E027,0,0.2236328125,0.0007381439208984375,0,normal.
E045,0,0.9111328125,0.000316619873046875,6,normal.
E049,0,0.326171875,0.000537872314453125,8,normal.
E035,0,0.1953125,0.04085826873779297,8,normal.
E043,0,0.73046875,0.0,21,normal.
E012,0,0.310546875,0.00038909912109375,12,normal.
E029,0,0.04296875,4.1961669921875e-05,20,normal.
E013,0,1.6650390625,0.00031566619873046875,21,normal.
E021,0,0.2119140625,0.033416748046875,5,normal.
E025,0,0.30859375,0.0004138946533203125,10,normal.
E010,0,0.2919921875,0.00045299530029296875,10,normal.
E031,0,0.2099609375,0.010565757751464844,5,normal.
E010,0,0.294921875,0.002471923828125,16,normal.
E038,0,0.1025390625,0.0,21,normal.
E007,0,0.23828125,0.0007085800170898438,0,normal.
E019,0,0.2744140625,0.0053348541259765625,3,normal.
E019,0,0.0,0.0,23,normal.
E021,0,0.3330078125,0.002147674560546875,17,normal.
E002,0,0.2626953125,0.008885383605957031,14,normal.
E008,0,0.2041015625,0.004841804504394531,1,normal.
E020,0,0.2314453125,0.0025482177734375,16,normal.
E020,0,0.271484375,0.00030040740966796875,2,normal.
E028,0,0.1025390625,0.00014019012451171875,7,normal.
E046,0,0.3583984375,0.0013456344604492188,20,normal.
E016,0,0.044921875,4.38690185546875e-05,10,normal.
E017,0,0.357421875,0.000362396240234375,1,normal.
E042,0,0.037109375,0.0001239776611328125,12,normal.
E018,0,1.0078125,0.0,0,smurf.
E014,0,0.005859375,0.00025844573974609375,15,normal.
E000,0,0.2158203125,0.00208282470703125,23,normal.
E004,0,0.19921875,0.0016870498657226562,13,normal.
E002,0,0.2841796875,0.0014047622680664062,23,normal.
E030,0,0.1025390625,0.00013828277587890625,21,normal.
E045,0,0.16796875,0.003947257995605469,10,normal.
E030,0,0.033203125,0.0,15,normal.
E013,0,0.2294921875,0.0011758804321289062,22,normal.
E025,0,0.0,0.0,6,normal.
E009,0,0.1943359375,0.000751495361328125,3,normal.
E021,0,0.29296875,0.0018291473388671875,6,normal.
E005,0,0.1904296875,0.013842582702636719,16,normal.
E030,0,0.0625,0.0,22,normal.
E030,0,0.1025390625,0.0001392364501953125,13,normal.
E047,0,0.04296875,0.00012683868408203125,17,normal.
E029,0,0.9296875,0.00031185150146484375,18,normal.
E015,0,1.5595703125,0.00031757354736328125,16,normal.
E046,0,0.1025390625,0.0,16,normal.
E043,0,0.279296875,0.00029277801513671875,7,normal.
E013,0,0.251953125,0.0011491775512695312,7,normal.
E038,0,3.8955078125,0.0002727508544921875,16,normal.
E034,0,0.2158203125,0.0032587051391601562,12,normal.
E003,0,0.2041015625,0.01044464111328125,2,normal.
E018,0,0.2509765625,0.0009584426879882812,15,normal.
E023,0,0.28515625,0.007174491882324219,12,normal.
E045,0,3.234375,0.000316619873046875,23,normal.
E048,0,0.029296875,0.0,13,normal.
E040,0,0.1416015625,0.00010013580322265625,20,normal.
E028,0,0.298828125,0.001316070556640625,5,normal.
E045,0,0.30078125,0.0030727386474609375,11,normal.
E034,0,0.166015625,0.0013723373413085938,15,normal.
E028,0,0.2099609375,0.004340171813964844,0,normal.
E030,0,0.0439453125,7.05718994140625e-05,6,normal.
E046,0,0.3056640625,0.0009908676147460938,11,normal.
E037,0,0.267578125,0.0012311935424804688,18,normal.
E000,0,0.0,0.0,20,normal.
E024,0,0.1025390625,0.00014019012451171875,16,normal.
E011,0,0.1630859375,0.009618759155273438,9,normal.
E022,0,0.2431640625,0.0005846023559570312,4,normal.
E043,0,0.0,0.0,10,normal.
E040,0,0.8837890625,0.00031185150146484375,18,normal.
E020,0,0.142578125,0.00010013580322265625,14,normal.
E019,0,0.3115234375,0.0011548995971679688,1,normal.
E033,0,1.2705078125,0.0003147125244140625,6,normal.
E034,0,0.22265625,0.0032148361206054688,4,normal.
E019,0,0.3115234375,0.005893707275390625,23,normal.
E029,0,0.3046875,0.0007610321044921875,22,normal.
E049,0,0.234375,0.0002918243408203125,21,normal.
E039,0,0.2783203125,0.0028886795043945312,4,normal.
E037,0,0.1025390625,0.0001392364501953125,10,normal.
E031,0,0.248046875,0.00017642974853515625,3,normal.
E022,0,0.3056640625,0.0005931854248046875,0,normal.
E020,0,0.3125,0.0004596710205078125,12,normal.
E049,0,0.203125,0.0017948150634765625,23,normal.
E049,0,0.142578125,0.00010013580322265625,18,normal.
E043,0,0.029296875,0.0,0,normal.
E002,0,0.2744140625,0.0013303756713867188,15,normal.
E045,0,0.216796875,0.010483741760253906,14,normal.
E049,0,0.2041015625,0.005711555480957031,18,normal.
E039,0,0.20703125,0.011893272399902344,13,normal.
E026,0,0.1435546875,0.00010013580322265625,13,normal.
E017,0,0.2861328125,0.0025014877319335938,5,normal.
E023,0,0.1025390625,0.00014019012451171875,12,normal.
E034,0,0.0419921875,6.961822509765625e-05,6,normal.
E027,0,0.2177734375,0.0023288726806640625,16,normal.
E035,0,0.19921875,0.0012121200561523438,3,normal.
E048,0,0.3427734375,0.00030231475830078125,3,normal.
E043,0,0.2158203125,0.0012845993041992188,17,normal.
E043,0,1.435546875,0.0,8,normal.
E045,0,0.0,0.0,12,neptune.
E022,0,0.33203125,0.0031747817993164062,2,normal.
E022,0,0.22265625,0.0010509490966796875,13,normal.
E021,0,0.2529296875,0.0007829666137695312,14,normal.
E005,0,0.3173828125,0.0007963180541992188,10,normal.
E033,0,0.1435546875,0.00010013580322265625,7,normal.
E025,0,0.208984375,0.0005807876586914062,16,normal.
E040,0,0.2041015625,0.00026607513427734375,20,normal.
E017,0,0.3017578125,0.0012760162353515625,3,normal.
E032,0,0.2275390625,0.0008802413940429688,14,normal.
E005,0,0.853515625,0.000316619873046875,0,normal.
E008,0,0.283203125,0.0001220703125,1,normal.
E002,0,0.3056640625,0.000247955322265625,12,normal.
E001,0,0.2041015625,0.0005655288696289062,3,normal.
E018,0,0.296875,0.009018898010253906,0,normal.
E042,0,1.541015625,0.00031375885009765625,20,normal.
E015,0,0.04296875,0.000125885009765625,15,normal.
E024,0,0.171875,0.0020923614501953125,20,normal.
E004,0,0.140625,0.049434661865234375,19,normal.
E013,0,0.314453125,0.004199981689453125,21,normal.
E044,0,0.333984375,0.0027189254760742188,21,normal.
E006,0,0.3037109375,0.0031557083129882812,2,normal.
E000,0,0.224609375,0.0013208389282226562,23,normal.
E048,0,0.2529296875,0.0020685195922851562,13,normal.
E044,0,0.044921875,0.0001068115234375,20,normal.
E033,0,0.1416015625,0.00010013580322265625,7,normal.
E019,0,0.1025390625,0.0,5,normal.
E028,0,0.0,0.0,7,neptune.
E042,0,0.2939453125,0.0023183822631835938,16,normal.
E016,0,0.203125,0.00047206878662109375,18,normal.
E004,0,0.2236328125,0.00946044921875,23,normal.
E020,0,0.1435546875,0.00010013580322265625,2,normal.
E026,0,0.19921875,0.024745941162109375,21,normal.
E024,0,0.3095703125,0.0011577606201171875,23,normal.
E017,0,0.279296875,0.007470130920410156,2,normal.
E033,0,0.2998046875,0.05816459655761719,11,normal.
E046,0,0.2451171875,0.0007448196411132812,23,normal.
E044,0,0.0,0.0,20,neptune.
E009,0,0.212890625,0.006449699401855469,12,normal.
E003,0,0.265625,0.010599136352539062,7,normal.
E042,0,0.1435546875,0.00010013580322265625,15,normal.
E049,0,0.0322265625,0.0,8,normal.
E004,0,0.2021484375,0.0003490447998046875,5,normal.
E036,0,0.3154296875,0.0075206756591796875,9,normal.
E016,0,0.201171875,0.0009813308715820312,21,normal.
E029,0,0.0341796875,0.0,10,normal.
E038,0,0.2119140625,0.0009937286376953125,14,normal.
E045,0,0.2001953125,0.0002803802490234375,3,normal.
E015,0,1.2333984375,0.00031566619873046875,23,normal.
E026,0,6.84765625,0.0,19,normal.
E027,0,0.814453125,0.0003223419189453125,1,normal.
E015,0,0.1435546875,0.00010013580322265625,9,normal.
E031,0,0.1435546875,0.00010013580322265625,3,normal.
E032,0,0.353515625,0.004767417907714844,3,normal.
E017,0,0.2861328125,0.00115203857421875,21,normal.
E035,0,0.2939453125,0.0013427734375,18,normal.
E001,0,0.2890625,0.006255149841308594,21,normal.
E034,0,1.0078125,0.0,9,smurf.
E029,0,0.0439453125,4.291534423828125e-05,7,normal.
E037,0,0.1962890625,0.0032625198364257812,2,normal.
E044,0,0.2607421875,0.0050678253173828125,14,normal.
E006,0,0.310546875,0.0007162094116210938,9,normal.
E016,0,0.3203125,0.00066375732421875,3,normal.
E036,0,0.287109375,0.0009565353393554688,18,normal.
E011,0,1.8046875,0.00031948089599609375,3,normal.
E011,0,0.333984375,0.008959770202636719,11,normal.
E022,0,0.3740234375,0.0,22,normal.
E013,0,1.5576171875,0.0003528594970703125,10,normal.
E012,0,0.1767578125,0.0,9,normal.
E007,0,0.1416015625,0.00010013580322265625,0,normal.
E046,0,0.0,0.0,17,normal.
E005,0,0.8544921875,0.00031566619873046875,19,normal.
E041,0,0.22265625,0.0025758743286132812,22,normal.
E041,0,1.724609375,0.0,12,normal.
E048,0,0.0439453125,0.00013065338134765625,5,normal.
E045,0,0.044921875,4.38690185546875e-05,18,normal.
E041,0,0.1416015625,0.0,22,normal.
E040,0,0.291015625,0.0003490447998046875,10,normal.
E029,0,0.220703125,0.0024137496948242188,23,normal.
E035,0,0.08203125,0.0,22,normal.
E002,0,0.2880859375,0.00029850006103515625,6,normal.
E042,0,0.0,0.0,4,normal.
E000,0,1.8125,0.00031375885009765625,8,normal.
E017,0,0.26953125,0.004849433898925781,20,normal.
E015,0,0.0322265625,0.0,14,normal.
E022,0,0.296875,0.0006284713745117188,17,normal.
E038,0,0.03515625,9.632110595703125e-05,16,normal.
E039,0,1.5546875,0.0003185272216796875,7,normal.
E030,0,0.4482421875,0.011622428894042969,0,normal.
E025,0,0.3017578125,0.001705169677734375,11,normal.
E029,0,0.275390625,0.0028200149536132812,16,normal.
E030,0,0.23828125,0.00026607513427734375,15,normal.
E013,0,0.328125,0.00209808349609375,11,normal.
E022,0,0.044921875,7.62939453125e-05,3,normal.
E030,0,0.3193359375,0.0022954940795898438,23,normal.
E039,0,0.0,0.0,5,normal.
E027,0,0.3427734375,0.00024318695068359375,15,normal.
E009,0,0.19921875,0.00024318695068359375,20,normal.
E044,0,0.3017578125,0.001209259033203125,11,normal.
E024,0,0.248046875,0.0003795623779296875,7,normal.
E047,0,0.6259765625,0.0,17,normal.
E012,0,6.76953125,0.0,13,normal.
E036,0,1.1416015625,0.0003147125244140625,2,normal.
E015,0,1.0810546875,0.00031280517578125,9,normal.
E021,0,0.306640625,0.00029277801513671875,11,normal.
E049,0,0.2099609375,0.0020771026611328125,17,normal.
E024,0,0.1025390625,0.0001392364501953125,23,normal.
E008,0,0.1435546875,0.00010013580322265625,12,normal.
E022,0,0.23046875,0.00310516357421875,3,normal.
E036,0,0.2158203125,0.001689910888671875,20,normal.
E020,0,0.283203125,0.0034284591674804688,0,normal.
E017,0,0.2265625,0.0021352767944335938,12,normal.
E047,0,0.2041015625,0.00025081634521484375,17,normal.
E042,0,0.1025390625,0.0001392364501953125,7,normal.
E029,0,0.0361328125,0.0,13,normal.
E029,0,0.2265625,0.00035190582275390625,17,normal.
E048,0,0.23828125,0.00034809112548828125,13,normal.
E039,0,0.04296875,6.866455078125e-05,13,normal.
E022,0,0.2109375,0.0002994537353515625,19,normal.
E028,0,0.0576171875,0.0,12,normal.
E006,0,0.0,0.0,6,normal.
E024,0,1.23046875,0.0003185272216796875,9,normal.
E032,0,0.0234375,2.288818359375e-05,21,normal.
E023,0,0.044921875,7.152557373046875e-05,2,normal.
E045,0,0.197265625,0.006628990173339844,6,normal.
E041,0,0.2978515625,0.0030727386474609375,22,normal.
E047,0,0.2294921875,0.0005464553833007812,4,normal.
E006,0,0.2998046875,0.001041412353515625,14,normal.
E027,0,0.0,0.0,5,normal.
E016,0,0.150390625,0.00042057037353515625,7,normal.
E015,0,0.0,0.0,18,normal.
E012,0,0.1025390625,0.00014019012451171875,17,normal.
E018,0,0.22265625,0.000682830810546875,2,normal.
E019,0,0.306640625,0.005596160888671875,1,normal.
E036,0,0.23046875,0.004695892333984375,6,normal.
E025,0,0.3369140625,0.00145721435546875,13,normal.
E005,0,0.6259765625,0.0,9,normal.
E031,0,0.248046875,0.00037384033203125,20,normal.
E023,0,0.2265625,0.0017347335815429688,0,normal.
E000,0,0.0439453125,0.00012683868408203125,20,normal.
E044,0,0.3369140625,0.00026607513427734375,15,normal.
E001,0,0.041015625,4.00543212890625e-05,5,normal.
E048,0,0.2236328125,0.00043582916259765625,21,normal.
E021,0,0.5078125,0.0,19,smurf.
E002,0,0.2587890625,0.0032548904418945312,11,normal.
E011,0,1.0078125,0.0,2,smurf.
E034,0,0.3046875,0.023433685302734375,1,normal.
E040,0,1.0078125,0.0,1,smurf.
E009,0,0.1416015625,0.0,23,normal.
E026,0,0.142578125,0.00010013580322265625,5,normal.
E046,0,0.3017578125,0.000766754150390625,23,normal.
E046,0,0.5078125,0.0,15,smurf.
E008,0,0.1435546875,0.00010013580322265625,12,normal.
E019,0,0.2783203125,0.008982658386230469,3,normal.
E040,0,0.068359375,4.38690185546875e-05,10,normal.
E017,0,0.0185546875,0.0,8,normal.
E019,0,0.267578125,0.0022363662719726562,9,normal.
E019,0,0.029296875,0.0,19,normal.
E016,0,1.0498046875,0.000324249267578125,10,normal.
E005,0,90.8251953125,0.00038433074951171875,17,normal.
E041,0,0.17578125,0.014293670654296875,20,normal.
E002,0,0.287109375,0.0003490447998046875,2,normal.
E040,0,0.267578125,1.621246337890625e-05,10,normal.
E019,0,0.22265625,0.0012121200561523438,13,normal.
E026,0,0.1025390625,0.00014019012451171875,1,normal.
E045,0,0.232421875,0.00023937225341796875,20,normal.
E042,0,0.3076171875,0.0015087127685546875,1,normal.
E024,0,0.240234375,0.0035753250122070312,15,normal.
E048,0,0.2255859375,0.02188873291015625,12,normal.
E000,0,0.3134765625,0.0035047531127929688,7,normal.
E033,0,0.18359375,0.00040340423583984375,3,normal.
E046,0,0.2158203125,0.000179290771484375,11,normal.
E035,0,0.044921875,4.38690185546875e-05,13,normal.
E017,0,0.04296875,7.2479248046875e-05,9,normal.
E004,0,0.0322265625,0.0,10,normal.
E027,0,0.1025390625,0.00014019012451171875,0,normal.
E001,0,0.04296875,0.00012493133544921875,15,normal.
E041,0,0.283203125,0.0023794174194335938,23,normal.
E005,0,0.2919921875,0.00037384033203125,23,normal.
E032,0,0.2138671875,0.0020122528076171875,22,normal.
E031,0,0.1474609375,0.0013875961303710938,18,normal.
E022,0,0.2763671875,0.0011243820190429688,7,normal.
E018,0,0.314453125,0.0014142990112304688,21,normal.
E002,0,0.1435546875,0.00010013580322265625,0,normal.
E000,0,5.7529296875,0.0,1,normal.
E046,0,2.02734375,0.00031757354736328125,14,normal.
E003,0,0.19921875,0.0015745162963867188,23,normal.
E049,0,0.216796875,0.00024318695068359375,2,normal.
E032,0,0.0322265625,0.0,11,normal.
E044,0,0.2314453125,0.00038623809814453125,19,normal.
E048,0,0.2255859375,0.001224517822265625,13,normal.
E017,0,0.23828125,0.0005006790161132812,1,normal.
E028,0,0.32421875,0.0026121139526367188,5,normal.
E001,0,0.2109375,0.008031845092773438,20,normal.
E000,0,0.2275390625,0.0007181167602539062,1,normal.
E035,0,0.0439453125,7.2479248046875e-05,4,normal.
E029,0,0.142578125,0.0,16,normal.
E000,0,0.142578125,0.00010013580322265625,2,normal.
E029,0,0.208984375,0.0012149810791015625,20,normal.
E001,0,0.1923828125,0.0010356903076171875,6,normal.
E020,0,0.2353515625,0.017928123474121094,18,normal.
E028,0,0.2783203125,0.018799781799316406,2,normal.
E033,0,0.22265625,0.0018110275268554688,9,normal.
E001,0,0.009765625,3.719329833984375e-05,1,normal.
E015,0,0.1025390625,0.00014019012451171875,3,normal.
E045,0,0.75,0.0,2,normal.
E039,0,0.244140625,0.017075538635253906,22,normal.
E019,0,0.166015625,0.00037097930908203125,1,normal.
E024,0,0.3232421875,0.000629425048828125,13,normal.
E020,0,0.240234375,0.000362396240234375,1,normal.
E008,0,0.3046875,0.0012502670288085938,10,normal.
E008,0,0.046875,4.57763671875e-05,5,normal.
E034,0,0.142578125,0.00010013580322265625,7,normal.
E037,0,0.203125,0.000270843505859375,14,normal.
E027,0,0.2119140625,0.00274658203125,8,normal.
E040,0,0.275390625,0.0023145675659179688,20,normal.
E037,0,0.2373046875,0.007982254028320312,12,normal.
E026,0,0.1025390625,0.0001392364501953125,13,normal.
E002,0,0.0,0.0,1,normal.
E004,0,1.1611328125,0.00031185150146484375,18,normal.
E016,0,0.1025390625,0.0,5,normal.
E017,0,0.2041015625,0.0,13,normal.
E032,0,0.228515625,0.0015745162963867188,4,normal.
E043,0,1.400390625,0.00031566619873046875,1,normal.
E014,0,1.87109375,0.00034618377685546875,10,normal.
E048,0,0.2099609375,0.002857208251953125,22,normal.
E021,0,0.041015625,0.0001220703125,5,normal.
E043,0,0.2314453125,0.0015659332275390625,4,normal.
E049,0,0.2109375,0.001583099365234375,0,normal.
E011,0,0.2119140625,0.001216888427734375,13,normal.
E019,0,0.0419921875,0.0001201629638671875,12,normal.
E041,0,0.212890625,0.0003814697265625,20,normal.
E002,0,0.2001953125,0.0006742477416992188,11,normal.
E020,0,0.26953125,0.0,22,normal.
E022,0,0.302734375,0.0012035369873046875,14,normal.
E011,0,1.0078125,0.0,6,smurf.
E049,0,0.322265625,0.0068492889404296875,8,normal.
E025,0,0.2158203125,0.0015134811401367188,0,normal.
E038,0,0.1435546875,0.00010013580322265625,10,normal.
E039,0,59.861328125,0.0,14,normal.
E043,0,0.2021484375,0.04680919647216797,2,normal.
E027,0,0.3642578125,0.001522064208984375,15,normal.
E011,0,0.0,0.0,10,neptune.
E039,0,0.296875,0.0007381439208984375,18,normal.
E041,0,0.1435546875,0.00010013580322265625,5,normal.
E041,0,1.3701171875,0.00035190582275390625,19,normal.
E006,0,0.212890625,0.00508880615234375,15,normal.
E039,0,1.0078125,0.0,1,smurf.
E009,0,0.1025390625,0.0001392364501953125,3,normal.
E016,0,0.1435546875,0.02523040771484375,5,normal.
E028,0,0.1943359375,0.00032806396484375,8,normal.
E011,0,4.21484375,0.0,16,normal.
E043,0,0.2216796875,0.0010251998901367188,19,normal.
E028,0,0.1953125,0.00878143310546875,7,normal.
E012,0,0.142578125,0.0031023025512695312,12,normal.
E049,0,0.1025390625,0.00014019012451171875,1,normal.
E042,0,0.310546875,0.01241302490234375,17,normal.
E047,0,0.0,0.0,18,normal.
E009,0,0.25,0.002048492431640625,14,normal.
E023,0,0.287109375,0.00043773651123046875,14,normal.
E020,0,0.193359375,0.00087738037109375,7,normal.
E014,0,0.1865234375,0.0009832382202148438,11,normal.
E017,0,0.197265625,0.0016794204711914062,11,normal.
E022,0,0.0390625,8.869171142578125e-05,15,normal.
E006,0,0.0234375,2.288818359375e-05,2,normal.
E028,0,10.03125,0.0,2,normal.
E023,0,0.1025390625,0.0,13,normal.
E026,0,0.33203125,0.000881195068359375,3,normal.
E035,0,0.2568359375,0.03716468811035156,7,normal.
E014,0,0.19921875,0.00029277801513671875,0,normal.
E048,0,0.2216796875,0.014986991882324219,12,normal.
E021,0,0.3115234375,0.0004329681396484375,7,normal.
E014,0,0.2861328125,0.00133514404296875,16,normal.
E002,0,0.203125,0.002262115478515625,0,normal.
E016,0,0.1591796875,0.0006017684936523438,12,normal.
E014,0,0.365234375,0.0003528594970703125,20,normal.
E019,0,0.1025390625,0.00013828277587890625,19,normal.
E014,0,0.1767578125,0.0,22,normal.
E024,0,0.1494140625,0.012836456298828125,12,normal.
E031,0,0.21875,0.010138511657714844,18,normal.
E024,0,0.1435546875,0.00010013580322265625,19,normal.
E010,0,11.505859375,0.0014925003051757812,14,normal.
E014,0,0.2919921875,0.001338958740234375,2,normal.
E048,0,0.0,0.0,6,normal.
E006,0,0.046875,4.57763671875e-05,15,normal.
E040,0,0.2919921875,0.0003814697265625,0,normal.
E022,0,0.8291015625,0.00031566619873046875,9,normal.
E040,0,0.267578125,0.0039033889770507812,9,normal.
E035,0,0.1416015625,0.00010013580322265625,2,normal.
E045,0,0.24609375,0.0016384124755859375,17,normal.
E020,0,0.208984375,0.0016412734985351562,5,normal.
E038,0,0.8095703125,0.0003147125244140625,7,normal.
E038,0,0.1982421875,0.04547691345214844,10,normal.
E030,0,0.1025390625,0.0001392364501953125,21,normal.
E001,0,3.111328125,0.00031280517578125,9,normal.
E016,0,0.0,0.0,17,normal.
E012,0,1.3837890625,0.00031280517578125,7,normal.
E016,0,0.916015625,0.00032138824462890625,0,normal.
E000,0,0.244140625,0.0012102127075195312,7,normal.
E044,0,0.1630859375,0.010454177856445312,19,normal.
E014,0,0.1025390625,0.00013828277587890625,10,normal.
E027,0,0.330078125,0.00026226043701171875,9,normal.
E007,0,0.2021484375,0.010975837707519531,21,normal.
E041,0,0.1025390625,0.00014019012451171875,14,normal.
E017,0,0.1435546875,0.00010013580322265625,18,normal.
E035,0,0.2294921875,0.006319999694824219,3,normal.
E013,0,0.1435546875,0.00010013580322265625,2,normal.
E046,0,0.1982421875,0.009757041931152344,4,normal.
E014,0,0.3232421875,0.0012960433959960938,10,normal.
E022,0,0.197265625,0.0014162063598632812,16,normal.
E030,0,0.3193359375,0.00194549560546875,9,normal.
E036,0,0.50390625,3.814697265625e-06,9,normal.
E039,0,0.44140625,0.0029687881469726562,23,normal.
E032,0,0.2685546875,0.009607315063476562,10,normal.
E026,0,0.3310546875,0.000270843505859375,3,normal.
E004,0,0.142578125,0.00010013580322265625,9,normal.
E047,0,0.9873046875,0.00031566619873046875,17,normal.
E032,0,0.9775390625,0.00031757354736328125,23,normal.
E015,0,0.1025390625,0.00014019012451171875,11,normal.
E033,0,0.2001953125,0.0015439987182617188,22,normal.
E035,0,0.3203125,0.005932807922363281,11,normal.
E023,0,0.2880859375,0.0001773834228515625,15,normal.
E016,0,0.189453125,0.003968238830566406,14,normal.
E001,0,0.1025390625,0.00014019012451171875,22,normal.
E005,0,0.142578125,0.00010013580322265625,11,normal.
E042,0,0.2294921875,0.001491546630859375,0,normal.
E005,0,0.224609375,0.0030183792114257812,15,normal.
E041,0,1.697265625,0.0003204345703125,2,normal.
E009,0,1.2451171875,0.0003185272216796875,2,normal.
E003,0,2.0205078125,0.0003147125244140625,4,normal.
E021,0,0.2646484375,0.00037097930908203125,14,normal.
E046,0,0.1953125,0.00241851806640625,14,normal.
E040,0,0.1025390625,0.0,6,normal.
E031,0,0.2275390625,0.0038890838623046875,6,normal.
E018,0,0.009765625,0.00013256072998046875,16,normal.
E035,0,0.1025390625,0.0001392364501953125,5,normal.
E027,0,1.744140625,0.0003147125244140625,5,normal.
E036,0,0.0,0.0,18,normal.
E009,0,0.220703125,0.004444122314453125,5,normal.
E013,0,0.1943359375,0.0009660720825195312,21,normal.
E020,0,0.2548828125,0.00038051605224609375,15,normal.
E033,0,0.044921875,4.38690185546875e-05,3,normal.
E005,0,0.1435546875,0.00010013580322265625,22,normal.
E017,0,0.6025390625,0.00031948089599609375,18,normal.
E009,0,0.1025390625,0.00014019012451171875,9,normal.
E037,0,0.044921875,4.38690185546875e-05,8,normal.
E012,0,0.146484375,0.0016527175903320312,22,normal.
E018,0,0.189453125,0.00029850006103515625,21,normal.
E041,0,0.232421875,0.001415252685546875,2,normal.
E007,0,0.2080078125,0.00045013427734375,3,normal.
E044,0,1.3125,0.00032329559326171875,8,normal.
E042,0,0.6357421875,0.000316619873046875,20,normal.
E013,0,0.04296875,0.00014591217041015625,1,normal.
E004,0,0.2880859375,0.0014715194702148438,9,normal.
E046,0,0.20703125,0.00069427490234375,5,normal.
E041,0,0.2119140625,0.00026702880859375,22,normal.
E037,0,0.3447265625,0.0015134811401367188,8,normal.
E002,0,0.2392578125,0.0014743804931640625,16,normal.
E009,0,0.6962890625,0.00031757354736328125,21,normal.
E025,0,0.2177734375,0.0012874603271484375,21,normal.
E033,0,0.302734375,0.0030727386474609375,22,normal.
E047,0,0.1025390625,0.0001392364501953125,15,normal.
E006,0,0.1787109375,0.0,21,normal.
E021,0,0.8603515625,0.0003414154052734375,6,normal.
E040,0,0.2255859375,0.02876758575439453,2,normal.
E006,0,0.1787109375,0.0,22,normal.
E035,0,53.26171875,0.007928848266601562,4,back.
E048,0,0.2197265625,0.0015544891357421875,14,normal.
E028,0,0.1025390625,0.00014019012451171875,11,normal.
E006,0,0.2021484375,0.004683494567871094,6,normal.
E022,0,0.2802734375,0.00029277801513671875,18,normal.
E040,0,0.95703125,0.000316619873046875,3,normal.
E032,0,0.2109375,0.0001697540283203125,17,normal.
E023,0,0.2138671875,0.0011548995971679688,6,normal.
E025,0,0.294921875,0.0002460479736328125,7,normal.
E045,0,0.2724609375,0.01772785186767578,7,normal.
E036,0,0.751953125,0.00031185150146484375,20,normal.
E009,0,0.04296875,5.7220458984375e-05,11,normal.
E026,0,1.33984375,0.00031566619873046875,18,normal.
E008,0,0.2744140625,0.0011396408081054688,3,normal.
E043,0,0.0341796875,0.0,7,normal.
E022,0,0.029296875,0.0,0,normal.
E040,0,0.1025390625,0.0001392364501953125,12,normal.
E030,0,0.0,0.0,19,neptune.
E007,0,0.326171875,0.0004138946533203125,23,normal.
E015,0,0.1923828125,0.008856773376464844,14,normal.
E020,0,0.21875,0.00115203857421875,9,normal.
E021,0,0.2578125,0.008525848388671875,16,normal.
E029,0,1.6787109375,0.00034809112548828125,16,normal.
E028,0,0.16015625,0.013833999633789062,7,normal.
E023,0,0.2109375,0.0007886886596679688,21,normal.
E012,0,0.1767578125,0.0,9,normal.
E013,0,0.1591796875,0.013925552368164062,2,normal.
E016,0,0.2021484375,0.0011701583862304688,5,normal.
E024,0,0.322265625,0.00026607513427734375,21,normal.
E023,0,0.2978515625,0.000774383544921875,12,normal.
E045,0,0.3232421875,0.00024700164794921875,6,normal.
E012,0,3.484375,0.0003871917724609375,7,normal.
E034,0,0.224609375,0.00334930419921875,15,normal.
E034,0,0.306640625,0.0009326934814453125,1,normal.
E027,0,0.1025390625,0.00013828277587890625,9,normal.
E033,0,0.158203125,0.00045013427734375,21,normal.
E027,0,0.21875,0.0037860870361328125,0,normal.
E019,0,0.986328125,0.00036907196044921875,17,normal.
E017,0,0.3388671875,0.011925697326660156,21,normal.
E002,0,0.1767578125,0.0038366317749023438,17,normal.
E042,0,0.181640625,0.00714111328125,14,normal.
E004,0,1.927734375,0.0,21,normal.
E004,0,0.314453125,0.00032138824462890625,12,normal.
E021,0,0.2861328125,0.0032739639282226562,10,normal.
E008,0,0.337890625,0.0006046295166015625,13,normal.
E019,0,0.21484375,0.00267791748046875,13,normal.
E016,0,0.044921875,4.38690185546875e-05,19,normal.
E014,0,0.259765625,0.001251220703125,12,normal.
E040,0,1.8125,0.00031566619873046875,15,normal.
E036,0,0.291015625,0.0020341873168945312,6,normal.
E020,0,0.0,0.0,13,normal.
E027,0,0.154296875,0.010270118713378906,9,normal.
E005,0,0.3056640625,0.0017795562744140625,22,normal.
E008,0,0.177734375,0.0,3,normal.
E002,0,0.1435546875,0.00010013580322265625,14,normal.
E010,0,0.044921875,0.0001392364501953125,0,normal.
E049,0,0.2705078125,0.00030517578125,18,normal.
E038,0,0.2919921875,0.0027780532836914062,8,normal.
E022,0,0.2841796875,0.0005741119384765625,7,normal.
E042,0,0.1025390625,0.0001392364501953125,4,normal.
E006,0,0.2880859375,0.01716136932373047,23,normal.
E038,0,0.3447265625,0.00083160400390625,7,normal.
E042,0,0.2998046875,0.005962371826171875,21,normal.
E035,0,0.9423828125,0.0,0,normal.
E028,0,0.142578125,0.0,10,normal.
E009,0,0.2275390625,0.0010833740234375,14,normal.
E042,0,0.19921875,0.00029850006103515625,11,normal.
E015,0,0.1552734375,0.0012950897216796875,18,normal.
E008,0,0.19140625,0.0016031265258789062,13,normal.
E029,0,0.2001953125,0.0019350051879882812,10,normal.
E041,0,0.2421875,0.0181121826171875,5,normal.
E029,0,1.0078125,0.0,13,smurf.
E023,0,1.0078125,0.0,9,smurf.
E010,0,0.279296875,0.0020084381103515625,4,normal.
E010,0,1.1708984375,0.0,16,normal.
E049,0,1.0078125,0.0,0,smurf.
E015,0,0.337890625,0.00069427490234375,5,normal.
E028,0,0.5078125,0.0,3,smurf.
E005,0,0.1875,0.00142669677734375,5,normal.
E032,0,0.8046875,0.0003204345703125,9,normal.
E037,0,0.287109375,0.0018291473388671875,6,normal.
E032,0,0.7421875,0.00031375885009765625,7,normal.
E036,0,0.2255859375,0.010317802429199219,16,normal.
E034,0,0.3154296875,0.0005655288696289062,8,normal.
E000,0,0.310546875,0.0030813217163085938,15,normal.
E001,0,0.3212890625,0.0005407333374023438,8,normal.
E023,0,0.0,0.0,16,normal.
E033,0,0.2236328125,0.00037288665771484375,18,normal.
E027,0,0.2080078125,0.0011882781982421875,10,normal.
E036,0,0.2255859375,0.011956214904785156,3,normal.
E033,0,0.2392578125,0.0,2,normal.
E033,0,0.236328125,0.001338958740234375,9,normal.
E022,0,0.2294921875,0.0005788803100585938,2,normal.
E015,0,0.2041015625,0.000576019287109375,5,normal.
E033,0,0.1025390625,0.00013828277587890625,9,normal.
E037,0,1.228515625,0.00031280517578125,1,normal.
E013,0,0.3291015625,0.0011730194091796875,15,normal.
E042,0,0.197265625,0.013065338134765625,17,normal.
E020,0,0.205078125,0.0005817413330078125,20,normal.
E049,0,0.1025390625,0.0001392364501953125,0,normal.
E009,0,0.142578125,0.0,2,normal.
E005,0,0.25390625,0.0006351470947265625,2,normal.
E048,0,0.2109375,0.00024127960205078125,13,normal.
E014,0,1.28125,0.00032329559326171875,8,normal.
E035,0,0.2333984375,0.0006313323974609375,1,normal.
E027,0,0.173828125,0.00046443939208984375,6,normal.
E029,0,0.1025390625,0.0001392364501953125,0,normal.
E009,0,0.3115234375,0.000461578369140625,3,normal.
E012,0,0.1953125,0.00040149688720703125,18,normal.
E046,0,3.716796875,0.00030994415283203125,2,normal.
E011,0,0.1435546875,0.00010013580322265625,3,normal.
E023,0,0.2275390625,0.003467559814453125,6,normal.
E016,0,0.1025390625,0.0,7,normal.
E009,0,0.34375,0.0015687942504882812,16,normal.
E042,0,0.1826171875,0.004573822021484375,1,normal.
E042,0,0.0,0.0,9,neptune.
E016,0,0.046875,4.57763671875e-05,21,normal.
E034,0,1.52734375,0.0003147125244140625,18,normal.
E019,0,0.287109375,0.014423370361328125,5,normal.
E028,0,0.3115234375,0.0030794143676757812,16,normal.
E035,0,0.0,3.814697265625e-06,15,normal.
E003,0,0.333984375,0.0028333663940429688,23,normal.
E021,0,0.15234375,0.0005693435668945312,9,normal.
E042,0,0.1025390625,0.0,4,normal.
E045,0,0.5537109375,0.0,5,normal.
E033,0,0.0,0.0,23,normal.
E024,0,0.2998046875,0.00087738037109375,21,normal.
E034,0,0.2392578125,0.00047588348388671875,13,normal.
E021,0,0.2255859375,0.0021600723266601562,7,normal.
E026,0,0.1435546875,0.00010013580322265625,9,normal.
E037,0,0.25,0.0092926025390625,21,normal.
E001,0,0.2099609375,0.001247406005859375,10,normal.
E026,0,15.50390625,0.0,1,normal.
E019,0,0.19921875,0.0005102157592773438,10,normal.
E021,0,0.328125,0.0025949478149414062,8,normal.
E011,0,0.2958984375,0.00024700164794921875,10,normal.
E009,0,0.2919921875,0.001316070556640625,10,normal.
E014,0,0.0,0.0,9,normal.
E038,0,0.2314453125,0.0,16,normal.
E041,0,0.283203125,0.0016641616821289062,20,normal.
E029,0,0.9423828125,0.0,23,normal.
E004,0,0.236328125,0.00033092498779296875,6,normal.
E040,0,0.365234375,0.0042858123779296875,9,normal.
E021,0,2.3271484375,0.00045490264892578125,13,normal.
E016,0,0.2861328125,0.029603958129882812,8,normal.
E037,0,0.1025390625,0.00014019012451171875,10,normal.
E017,0,0.1591796875,0.003907203674316406,9,normal.
E010,0,0.3095703125,0.00177001953125,11,normal.
E006,0,0.287109375,0.00027179718017578125,2,normal.
E019,0,0.33203125,0.0019378662109375,17,normal.
E000,0,0.1025390625,0.0,8,normal.
E040,0,0.326171875,0.00025653839111328125,18,normal.
E049,0,0.1904296875,0.0009975433349609375,12,normal.
E011,0,0.302734375,0.0023326873779296875,1,normal.
E025,0,0.943359375,0.00031757354736328125,6,normal.
E006,0,0.033203125,0.0,22,normal.
E037,0,0.1435546875,0.00010013580322265625,13,normal.
E037,0,0.203125,0.0007162094116210938,22,normal.
E049,0,0.1904296875,0.00027751922607421875,14,normal.
E006,0,0.2451171875,0.0002613067626953125,19,normal.
E025,0,6.4462890625,0.0,5,normal.
E002,0,0.314453125,0.0002460479736328125,16,normal.
E037,0,0.3466796875,0.001445770263671875,6,normal.
E010,0,0.041015625,4.00543212890625e-05,5,normal.
E034,0,0.27734375,0.01572895050048828,15,normal.
E009,0,0.3310546875,0.0009469985961914062,13,normal.
E019,0,0.2119140625,0.000316619873046875,7,normal.
E033,0,0.0,0.0,2,normal.
E000,0,0.279296875,0.0039615631103515625,14,normal.
E013,0,0.29296875,0.00180816650390625,8,normal.
E025,0,0.3525390625,0.0004444122314453125,19,normal.
E047,0,0.142578125,0.00010013580322265625,20,normal.
E047,0,0.2470703125,0.0005617141723632812,23,normal.
E038,0,0.1435546875,0.00010013580322265625,3,normal.
E002,0,0.2841796875,0.004490852355957031,5,normal.
E047,0,0.1025390625,0.00014019012451171875,12,normal.
E001,0,0.5078125,0.0,11,smurf.
E036,0,0.3173828125,0.00038623809814453125,16,normal.
E043,0,0.2822265625,0.0055179595947265625,9,normal.
E041,0,0.3046875,0.0014581680297851562,1,normal.
E048,0,1.4755859375,0.00031566619873046875,5,normal.
E037,0,2.0888671875,0.00039005279541015625,10,normal.
E001,0,0.29296875,0.004895210266113281,6,normal.
E007,0,0.1025390625,0.0,20,normal.
E017,0,0.298828125,0.02936840057373047,7,normal.
E017,0,0.232421875,0.00023746490478515625,12,normal.
E005,0,0.7724609375,0.0003147125244140625,13,normal.
E000,0,0.208984375,0.0017337799072265625,21,normal.
E013,0,0.1025390625,0.00014019012451171875,15,normal.
E006,0,0.19921875,0.0001659393310546875,23,normal.
E033,0,0.9228515625,0.0004558563232421875,8,normal.
E021,0,0.0,0.0,11,normal.
E032,0,0.197265625,0.00036525726318359375,15,normal.
E011,0,0.1025390625,0.0,17,normal.
E033,0,0.3154296875,0.0023679733276367188,3,normal.
E047,0,0.1435546875,0.00010013580322265625,4,normal.
E030,0,0.3388671875,0.0022058486938476562,2,normal.
E015,0,0.1435546875,0.00010013580322265625,0,normal.
E018,0,0.044921875,4.38690185546875e-05,23,normal.
E033,0,0.0419921875,0.0001201629638671875,11,normal.
E044,0,0.04296875,7.43865966796875e-05,14,normal.
E045,0,0.1943359375,0.0021371841430664062,9,normal.
E004,0,0.294921875,0.000293731689453125,9,normal.
E039,0,0.306640625,0.0023403167724609375,18,normal.
E023,0,0.04296875,0.0001049041748046875,9,normal.
E013,0,0.1767578125,0.0,19,normal.
E009,0,0.2958984375,0.001316070556640625,15,normal.
E034,0,0.21875,0.0017824172973632812,5,normal.
E037,0,0.2978515625,0.00020599365234375,19,normal.
E043,0,0.009765625,3.62396240234375e-05,10,normal.
E041,0,0.296875,0.002826690673828125,16,normal.
E046,0,0.029296875,0.0,2,normal.
E049,0,0.306640625,0.0006284713745117188,7,normal.
E043,0,1.1552734375,0.0003147125244140625,4,normal.
E038,0,0.2216796875,0.013494491577148438,18,normal.
E004,0,0.3349609375,0.009258270263671875,19,normal.
E030,0,0.296875,0.001316070556640625,12,normal.
E016,0,2.896484375,0.00031757354736328125,15,normal.
E028,0,0.0419921875,0.0001277923583984375,11,normal.
E027,0,0.2314453125,0.0031795501708984375,20,normal.
E008,0,0.04296875,0.0001201629638671875,16,normal.
E006,0,0.28125,0.0010309219360351562,19,normal.
E022,0,0.30859375,0.0010051727294921875,10,normal.
E005,0,0.236328125,0.00135040283203125,16,normal.
E040,0,1.0078125,0.0,10,smurf.
E035,0,0.0,0.0,8,normal.
E029,0,0.138671875,0.008619308471679688,18,normal.
E029,0,0.1689453125,0.0029878616333007812,15,normal.
E017,0,0.1025390625,0.0,1,normal.
E011,0,0.1025390625,0.00013828277587890625,22,normal.
E014,0,0.04296875,0.00012493133544921875,21,normal.
E028,0,1.572265625,0.00031757354736328125,1,normal.
E022,0,0.16015625,0.004638671875,1,normal.
E042,0,0.287109375,0.00396728515625,4,normal.
E012,0,0.20703125,0.000606536865234375,17,normal.
E002,0,0.2353515625,0.0012416839599609375,8,normal.
E017,0,0.28515625,0.0022134780883789062,16,normal.
E038,0,0.318359375,0.0002651214599609375,18,normal.
E048,0,0.1025390625,0.00014019012451171875,3,normal.
E017,0,0.1025390625,0.0001392364501953125,5,normal.
E024,0,0.3466796875,0.0002956390380859375,13,normal.
E046,0,0.1435546875,0.00010013580322265625,9,normal.
E017,0,0.224609375,0.0007429122924804688,18,normal.
E046,0,0.1884765625,0.0007162094116210938,4,normal.
E034,0,0.201171875,0.011363029479980469,2,normal.
E030,0,0.1025390625,0.00013828277587890625,17,normal.
E025,0,0.0,0.0,13,normal.
E017,0,0.044921875,4.38690185546875e-05,12,normal.
E009,0,0.04296875,0.00010967254638671875,3,normal.
E040,0,0.2041015625,0.00039577484130859375,22,normal.
E022,0,0.2880859375,0.00016880035400390625,14,normal.
E004,0,0.041015625,4.00543212890625e-05,1,normal.
E003,0,0.20703125,0.0069065093994140625,7,normal.
E036,0,0.25,0.009575843811035156,14,normal.
E037,0,1.1259765625,0.0,17,normal.
E045,0,1.1083984375,0.00031375885009765625,10,normal.
E012,0,0.34765625,0.0010843276977539062,18,normal.
E035,0,0.2626953125,0.0007963180541992188,1,normal.
E020,0,0.0,0.0,7,normal.
E040,0,0.3046875,0.00027179718017578125,18,normal.
E028,0,0.2861328125,0.006603240966796875,14,normal.
E027,0,0.0439453125,0.00010967254638671875,3,normal.
E007,0,0.2822265625,0.0013275146484375,17,normal.
E017,0,0.232421875,0.0025005340576171875,20,normal.
E022,0,0.2978515625,0.0017232894897460938,8,normal.
E035,0,0.197265625,0.02368927001953125,20,normal.
E004,0,1.22265625,0.0003719329833984375,17,normal.
E041,0,0.2197265625,0.0003032684326171875,3,normal.
E037,0,1.404296875,0.00031280517578125,23,normal.
E027,0,0.2275390625,0.0023908615112304688,10,normal.
E044,0,0.142578125,0.00010013580322265625,12,normal.
E042,0,0.2412109375,0.0005464553833007812,16,normal.
E038,0,0.298828125,0.0025730133056640625,10,normal.
E003,0,0.27734375,0.000118255615234375,19,normal.
E021,0,0.0,0.0,1,normal.
E028,0,0.189453125,0.009385108947753906,1,normal.
E049,0,0.0322265625,0.0,2,normal.
E033,0,0.2353515625,0.0022563934326171875,2,normal.
E007,0,0.1572265625,0.0006589889526367188,5,normal.
E005,0,0.185546875,0.00302886962890625,22,normal.
E019,0,0.1025390625,0.00014019012451171875,9,normal.
E002,0,0.2724609375,0.0007200241088867188,10,normal.
E007,0,0.2236328125,0.0006036758422851562,14,normal.
E049,0,0.03515625,3.4332275390625e-05,14,normal.
E007,0,0.0087890625,3.4332275390625e-05,4,normal.
E032,0,1.466796875,0.0003185272216796875,3,normal.
E003,0,0.3173828125,0.0019121170043945312,4,normal.
E049,0,0.19140625,0.006869316101074219,2,normal.
E015,0,0.2763671875,0.00522613525390625,23,normal.
E049,0,0.2470703125,0.00016689300537109375,20,normal.
E009,0,0.279296875,0.0015544891357421875,23,normal.
E009,0,0.21484375,0.0003147125244140625,20,normal.
E036,0,0.74609375,0.0003185272216796875,23,normal.
E033,0,0.0,0.0,7,normal.
E007,0,1.1591796875,0.000392913818359375,12,normal.
E038,0,0.0,0.0,6,normal.
E046,0,0.3212890625,0.0022134780883789062,2,normal.
E000,0,0.20703125,0.0,15,normal.
E019,0,0.6484375,0.00031375885009765625,16,normal.
E030,0,0.1396484375,0.009291648864746094,14,normal.
E041,0,0.2373046875,0.005118370056152344,16,normal.
E048,0,0.208984375,0.0010976791381835938,10,normal.
E025,0,0.1943359375,0.00027942657470703125,6,normal.
E030,0,0.22265625,0.02721881866455078,10,normal.
E027,0,0.234375,0.0020112991333007812,17,normal.
E039,0,0.29296875,0.0015077590942382812,16,normal.
E046,0,0.1611328125,0.014404296875,13,normal.
E038,0,0.2998046875,0.0001354217529296875,16,normal.
E043,0,0.20703125,0.0013370513916015625,15,normal.
E023,0,0.28515625,0.1984386444091797,8,normal.
E040,0,0.1025390625,0.0001392364501953125,20,normal.
E008,0,1.0078125,0.0,3,smurf.
E027,0,0.30078125,0.0025730133056640625,11,normal.
E047,0,0.2294921875,0.0011911392211914062,0,normal.
E013,0,0.111328125,0.00039577484130859375,7,normal.
E044,0,0.224609375,0.00063323974609375,16,normal.
E024,0,0.181640625,0.0012006759643554688,1,normal.
E000,0,15.353515625,0.0,14,normal.
E034,0,0.2841796875,0.0029468536376953125,1,normal.
E022,0,0.23828125,0.011338233947753906,16,normal.
E045,0,0.2978515625,0.010357856750488281,4,normal.
E015,0,0.0,0.0,7,neptune.
E028,0,0.2119140625,0.000293731689453125,12,normal.
E016,0,0.2421875,0.0016202926635742188,12,normal.
E039,0,1.1875,0.00031757354736328125,3,normal.
E044,0,0.2333984375,0.00144195556640625,22,normal.
E024,0,0.142578125,0.00010013580322265625,16,normal.
E020,0,0.2431640625,0.0016632080078125,1,normal.
E042,0,0.158203125,0.002414703369140625,21,normal.
E004,0,0.3173828125,0.00125885009765625,12,normal.
E045,0,1.0380859375,0.000316619873046875,0,normal.
E049,0,0.224609375,0.00037860870361328125,6,normal.
E003,0,0.005859375,0.00025463104248046875,16,normal.
E047,0,0.04296875,0.00012493133544921875,4,normal.
E017,0,0.2607421875,0.008885383605957031,22,normal.
E031,0,0.1025390625,0.00014019012451171875,12,normal.
E040,0,0.1025390625,0.0001392364501953125,15,normal.
E030,0,0.2197265625,0.0007829666137695312,12,normal.
E048,0,0.26171875,0.0007295608520507812,0,normal.
E019,0,0.185546875,0.000476837158203125,13,normal.
E035,0,0.2109375,0.00029850006103515625,18,normal.
E049,0,0.2197265625,0.0004987716674804688,12,normal.
E002,0,0.04296875,0.00010776519775390625,4,normal.
E028,0,1.56640625,0.0003108978271484375,16,normal.
E027,0,0.224609375,0.015847206115722656,14,normal.
E006,0,0.2822265625,0.0030412673950195312,1,normal.
E013,0,1.193359375,0.00031566619873046875,23,normal.
E023,0,0.0,0.0,16,normal.
E032,0,0.203125,0.00026702880859375,5,normal.
E003,0,0.1025390625,0.0,16,normal.
E016,0,490.0,0.0,4,normal.
E000,0,0.2236328125,0.0016164779663085938,7,normal.
E032,0,0.2158203125,0.0012607574462890625,23,normal.
E032,0,0.0,0.0,0,normal.
E002,0,0.2177734375,0.0007343292236328125,15,normal.
E018,0,0.009765625,3.528594970703125e-05,12,normal.
E008,0,0.19921875,0.006226539611816406,15,normal.
E009,0,0.0,0.0,12,normal.
E042,0,0.3095703125,0.0018377304077148438,11,normal.
E005,0,0.2734375,0.01885223388671875,0,normal.
E049,0,0.2744140625,0.0033998489379882812,13,normal.
E047,0,0.2978515625,0.0023908615112304688,0,normal.
E020,0,0.2119140625,0.0012445449829101562,19,normal.
E049,0,0.0,0.0,20,normal.
E046,0,0.1416015625,0.00010013580322265625,8,normal.
E002,0,0.2724609375,0.000553131103515625,11,normal.
E012,0,0.1025390625,0.0,1,normal.
E011,0,0.0,0.0,23,normal.
E027,0,1.212890625,0.0003147125244140625,8,normal.
E043,0,0.212890625,0.0007982254028320312,2,normal.
E043,0,0.22265625,0.00030612945556640625,3,normal.
E017,0,0.3046875,0.0007295608520507812,14,normal.
E013,0,0.177734375,0.0,4,normal.
E024,0,1.0078125,0.0,13,smurf.
E009,0,1.3427734375,0.0003204345703125,4,normal.
E024,0,0.2861328125,0.041794776916503906,19,normal.
E000,0,0.2177734375,0.0005340576171875,1,normal.
E046,0,1.0966796875,0.00031375885009765625,4,normal.
E044,0,0.15234375,0.007601737976074219,10,normal.
E037,0,0.1025390625,0.00010013580322265625,4,normal.
E019,0,0.0,0.0,4,normal.
E010,0,0.2138671875,0.0005397796630859375,1,normal.
E041,0,0.0,0.0,0,normal.
E023,0,0.3115234375,0.0,21,normal.
E011,0,0.0,0.0,9,normal.
E008,0,0.2734375,0.0002765655517578125,21,normal.
E031,0,0.19140625,0.000934600830078125,18,normal.
E028,0,0.2900390625,0.0030517578125,9,normal.
E040,0,0.1025390625,0.0,3,normal.
E017,0,0.2421875,0.00040149688720703125,9,normal.
E042,0,0.21875,0.000652313232421875,8,normal.
E030,0,3.6865234375,0.0,13,normal.
E009,0,0.1650390625,0.008910179138183594,5,normal.
E028,0,0.3818359375,0.0027494430541992188,0,normal.
E024,0,0.2392578125,0.00031185150146484375,2,normal.
E049,0,0.0166015625,6.67572021484375e-05,3,normal.
E032,0,1.4443359375,0.000316619873046875,15,normal.
E042,0,0.30078125,0.00029468536376953125,19,normal.
E042,0,0.234375,0.00087738037109375,2,normal.
E028,0,0.0439453125,6.67572021484375e-05,10,normal.
E046,0,0.6123046875,0.0003147125244140625,5,normal.
E043,0,0.1025390625,0.0001392364501953125,10,normal.
E048,0,0.255859375,0.0016412734985351562,9,normal.
E019,0,0.23046875,0.009165763854980469,9,normal.
E040,0,0.28515625,0.0018720626831054688,12,normal.
E000,0,0.291015625,0.0010251998901367188,5,normal.
E043,0,0.1025390625,0.0001392364501953125,12,normal.
E002,0,0.2177734375,0.0012989044189453125,5,normal.
E005,0,0.2255859375,0.000823974609375,9,normal.
E044,0,1.9384765625,0.00026702880859375,22,normal.
E018,0,0.2021484375,0.021228790283203125,1,normal.
E022,0,0.337890625,0.0018510818481445312,4,normal.
E012,0,0.04296875,6.580352783203125e-05,12,normal.
E019,0,0.24609375,0.0008602142333984375,9,normal.
E034,0,0.1962890625,0.0011777877807617188,2,normal.
E015,0,0.2919921875,0.0012941360473632812,7,normal.
E033,0,6.9111328125,0.0,10,normal.
E048,0,0.0,0.0,16,normal.
E029,0,0.2919921875,0.0030517578125,18,normal.
E047,0,0.1025390625,0.0001392364501953125,21,normal.
E043,0,0.3427734375,0.007801055908203125,6,normal.
E033,0,2.123046875,0.0004215240478515625,5,normal.
E041,0,0.9775390625,0.0003223419189453125,21,normal.
E013,0,1.1025390625,0.000354766845703125,8,normal.
E023,0,0.3134765625,0.00024127960205078125,8,normal.
E014,0,0.21875,0.0012416839599609375,8,normal.
E032,0,0.640625,0.00031566619873046875,6,normal.
E024,0,0.1748046875,0.01468658447265625,22,normal.
E004,0,0.2939453125,0.0023527145385742188,7,normal.
E026,0,0.142578125,0.00010013580322265625,15,normal.
E048,0,0.72265625,0.0,7,normal.
E025,0,0.142578125,0.00010013580322265625,19,normal.
E003,0,0.2041015625,0.009545326232910156,0,normal.
E006,0,0.2119140625,0.0017194747924804688,16,normal.
E006,0,1.609375,0.00031280517578125,0,normal.
E039,0,0.310546875,0.0023813247680664062,15,normal.
E039,0,0.1552734375,0.00018405914306640625,16,normal.
E006,0,0.2060546875,0.004421234130859375,21,normal.
E006,0,0.0,0.0,4,normal.
E012,0,0.041015625,4.00543212890625e-05,3,normal.
E029,0,0.2822265625,0.0025348663330078125,20,normal.
E006,0,0.0,0.0,6,neptune.
E049,0,0.2060546875,0.00035572052001953125,5,normal.
E011,0,0.220703125,0.0039539337158203125,14,normal.
E031,0,0.1953125,0.0038728713989257812,12,normal.
E030,0,0.1025390625,0.00038433074951171875,21,normal.
E004,0,0.1875,0.0,8,normal.
E044,0,0.2138671875,0.002696990966796875,1,normal.
E030,0,0.2900390625,0.00029754638671875,13,normal.
E016,0,1.060546875,0.00031375885009765625,6,normal.
E014,0,0.0,0.0,9,normal.
E021,0,0.20703125,0.001338958740234375,18,normal.
E028,0,0.03515625,0.0,20,normal.
E039,0,1.64453125,0.00034618377685546875,6,normal.
E046,0,0.294921875,0.0002765655517578125,4,normal.
E015,0,1.201171875,0.00031566619873046875,8,normal.
E005,0,0.1943359375,0.000274658203125,23,normal.
E017,0,0.0576171875,0.0,2,normal.
E035,0,0.84375,0.0003204345703125,1,normal.
E047,0,0.271484375,0.0008535385131835938,0,normal.
E014,0,0.1435546875,0.00010013580322265625,6,normal.
E000,0,0.2177734375,0.0024118423461914062,13,normal.
E036,0,0.2333984375,0.0003147125244140625,7,normal.
E035,0,0.5078125,0.0,19,smurf.
E032,0,0.28125,0.000316619873046875,9,normal.
E042,0,0.1416015625,0.00010013580322265625,3,normal.
E021,0,0.2958984375,0.0008172988891601562,5,normal.
E000,0,0.22265625,0.00036525726318359375,5,normal.
E018,0,0.0,0.0,15,normal.
E009,0,0.041015625,4.00543212890625e-05,18,normal.
E001,0,0.0,0.0,1,normal.
E014,0,0.1494140625,0.00013446807861328125,15,normal.
E026,0,0.2080078125,0.0011701583862304688,9,normal.
E037,0,0.365234375,0.0010509490966796875,1,normal.
E047,0,0.1416015625,0.0,6,normal.
E013,0,0.041015625,4.00543212890625e-05,13,normal.
E012,0,0.5078125,0.0,16,smurf.
E009,0,1.2236328125,0.00031375885009765625,8,normal.
E007,0,0.142578125,0.00010013580322265625,16,normal.
E040,0,0.201171875,0.0006532669067382812,19,normal.
E048,0,0.3291015625,0.00049591064453125,20,normal.
E021,0,1.01953125,0.00031948089599609375,4,normal.
E022,0,0.31640625,0.005084037780761719,9,normal.
E033,0,0.0,0.0,13,normal.
E004,0,0.0,0.0,23,normal.
E037,0,0.2080078125,0.001338958740234375,5,normal.
E004,0,0.2138671875,0.013825416564941406,7,normal.
E017,0,0.0439453125,0.0001087188720703125,23,normal.
E002,0,0.2734375,0.0016450881958007812,4,normal.
E029,0,1.5908203125,0.00034809112548828125,8,normal.
E009,0,0.216796875,0.004763603210449219,2,normal.
E017,0,0.244140625,0.0024328231811523438,7,normal.
E042,0,0.0419921875,0.0001125335693359375,4,normal.
E003,0,0.029296875,0.0,8,normal.
E025,0,0.1865234375,0.0019750595092773438,8,normal.
E004,0,0.044921875,4.38690185546875e-05,0,normal.
E043,0,0.244140625,0.0016326904296875,12,normal.
E045,0,0.1455078125,0.00032806396484375,12,normal.
E049,0,1.548828125,0.00031375885009765625,23,normal.
E045,0,1.724609375,0.0,18,normal.
E026,0,0.3232421875,0.0005483627319335938,0,normal.
E036,0,0.1435546875,0.00010013580322265625,1,normal.
E010,0,0.2216796875,0.000579833984375,7,normal.
E038,0,1.0078125,0.0,6,smurf.
E007,0,0.1025390625,0.00013828277587890625,18,normal.
E039,0,0.2421875,0.0004138946533203125,23,normal.
E037,0,0.2333984375,0.0030727386474609375,0,normal.
E002,0,0.2607421875,0.007587432861328125,18,normal.
E027,0,0.04296875,0.0001087188720703125,3,normal.
E016,0,0.2236328125,0.0006628036499023438,19,normal.
E032,0,0.2138671875,0.00018024444580078125,20,normal.
E013,0,0.201171875,0.00030612945556640625,12,normal.
E034,0,0.1025390625,0.0,13,normal.
E038,0,0.162109375,0.0003757476806640625,8,normal.
E040,0,0.0439453125,0.00010585784912109375,13,normal.
E049,0,0.73046875,0.0,6,normal.
E014,0,0.2158203125,0.042603492736816406,6,normal.
E017,0,0.1025390625,0.0001392364501953125,19,normal.
E005,0,0.1025390625,0.00014019012451171875,14,normal.
E043,0,0.23046875,0.03351879119873047,0,normal.
E014,0,0.1455078125,0.033111572265625,9,normal.
E005,0,1.0078125,0.0,1,smurf.
E031,0,0.2294921875,0.006701469421386719,22,normal.
E023,0,0.306640625,0.015402793884277344,8,normal.
E010,0,0.2880859375,0.0010347366333007812,7,normal.
E044,0,1.0078125,0.0,23,smurf.
E044,0,0.240234375,0.0023012161254882812,21,normal.
E049,0,0.0,0.0,14,satan.
E040,0,0.2138671875,0.009114265441894531,16,normal.
E014,0,0.330078125,0.0013933181762695312,8,normal.
E041,0,0.2119140625,0.000278472900390625,19,normal.
E010,0,0.142578125,0.00010013580322265625,2,normal.
E011,0,1.1044921875,0.00031375885009765625,3,normal.
E015,0,0.2255859375,0.0010251998901367188,20,normal.
E040,0,0.21875,0.0005083084106445312,8,normal.
E032,0,0.2548828125,0.00026607513427734375,12,normal.
E034,0,0.1865234375,0.004700660705566406,12,normal.
E001,0,0.1435546875,0.00010013580322265625,8,normal.
E033,0,0.314453125,0.0008783340454101562,2,normal.
E024,0,0.2119140625,0.0012273788452148438,15,normal.
E029,0,0.0,0.0,7,normal.
E022,0,0.2783203125,0.006869316101074219,16,normal.
E025,0,0.220703125,0.0008687973022460938,18,normal.
E015,0,0.2177734375,0.00028896331787109375,12,normal.
E043,0,0.041015625,4.00543212890625e-05,15,normal.
E030,0,0.0,0.0,21,normal.
E001,0,0.1025390625,0.00014019012451171875,19,normal.
E001,0,0.5078125,0.0,10,smurf.
E013,0,0.205078125,0.006672859191894531,16,normal.
E026,0,0.30859375,0.0002803802490234375,0,normal.
E014,0,0.8642578125,0.00031375885009765625,22,normal.
E008,0,0.2880859375,0.003139495849609375,4,normal.
E013,0,0.203125,0.000797271728515625,2,normal.
E034,0,1.6240234375,0.0003147125244140625,13,normal.
E021,0,0.220703125,0.026775360107421875,10,normal.
E001,0,0.17578125,0.000988006591796875,19,normal.
E017,0,0.0126953125,3.528594970703125e-05,4,normal.
E042,0,0.1982421875,0.0020437240600585938,1,normal.
E004,0,0.236328125,0.01746082305908203,8,normal.
E023,0,0.2861328125,0.0017080307006835938,19,normal.
E039,0,0.2138671875,0.008618354797363281,17,normal.
E027,0,0.3095703125,0.0022058486938476562,15,normal.
E030,0,0.2431640625,0.0039882659912109375,11,normal.
E045,0,0.302734375,0.0014629364013671875,7,normal.
E009,0,0.0,0.0,18,normal.
E022,0,0.041015625,4.00543212890625e-05,17,normal.
E018,0,0.3037109375,0.007721900939941406,23,normal.
E030,0,0.1025390625,0.00014019012451171875,22,normal.
E005,0,0.1904296875,0.0016527175903320312,0,normal.
E033,0,0.2216796875,0.001003265380859375,23,normal.
E027,0,0.2724609375,0.00024318695068359375,4,normal.
E021,0,0.3193359375,0.0002574920654296875,11,normal.
E033,0,0.7255859375,0.0003147125244140625,7,normal.
E048,0,0.2900390625,0.005711555480957031,10,normal.
E036,0,1.0078125,0.0,20,smurf.
E018,0,0.2880859375,0.004642486572265625,0,normal.
E049,0,0.142578125,0.00010013580322265625,10,normal.
E016,0,0.318359375,0.004978179931640625,1,normal.
E017,0,0.1025390625,0.0001392364501953125,19,normal.
E030,0,0.1025390625,0.00014019012451171875,6,normal.
E047,0,0.2236328125,0.0024328231811523438,23,normal.
E037,0,2.7626953125,0.0003871917724609375,0,normal.
E022,0,0.3154296875,0.0002956390380859375,1,normal.
E026,0,0.0,0.0,1,neptune.
E033,0,0.2099609375,0.0011577606201171875,20,normal.
E036,0,0.73046875,0.0,3,normal.
E024,0,0.421875,0.02019977569580078,7,normal.
E048,0,0.2431640625,0.0011377334594726562,18,normal.
E028,0,0.1025390625,0.00014019012451171875,6,normal.
E048,0,0.1923828125,0.0013494491577148438,8,normal.
E029,0,0.0439453125,4.291534423828125e-05,17,normal.
E042,0,1.0888671875,0.0003147125244140625,11,normal.
E040,0,0.3525390625,0.00119781494140625,5,normal.
E044,0,0.1982421875,0.00180816650390625,22,normal.
E008,0,0.1591796875,0.013833999633789062,10,normal.
E035,0,0.220703125,0.0037412643432617188,10,normal.
E014,0,0.1025390625,0.00014019012451171875,10,normal.
E041,0,0.2197265625,0.00024318695068359375,7,normal.
E025,0,0.173828125,0.003922462463378906,7,normal.
E026,0,0.810546875,0.00031757354736328125,7,normal.
E045,0,0.029296875,0.0,4,normal.
E025,0,0.2841796875,0.001468658447265625,4,normal.
E014,0,0.1025390625,0.00014019012451171875,6,normal.
E010,0,0.2275390625,0.0013990402221679688,16,normal.
E043,0,0.28125,0.0009107589721679688,0,normal.
E038,0,0.1923828125,0.008271217346191406,9,normal.
E012,0,0.2998046875,0.000797271728515625,2,normal.
E030,0,0.73046875,0.0,22,normal.
E032,0,1.9140625,0.00031566619873046875,10,normal.
E011,0,0.1025390625,0.0001392364501953125,21,normal.
E047,0,0.1025390625,0.00014019012451171875,14,normal.
E015,0,0.1025390625,0.00014019012451171875,16,normal.
E002,0,0.1513671875,0.0048923492431640625,19,normal.
E044,0,0.2177734375,0.00037860870361328125,6,normal.
E029,0,0.1787109375,0.0,18,normal.
E002,0,0.3076171875,0.012287139892578125,22,normal.
E030,0,0.20703125,0.0007648468017578125,15,normal.
E033,0,1.0078125,0.0,20,smurf.
E002,0,0.232421875,0.0012788772583007812,8,normal.
E015,0,0.2265625,0.0022325515747070312,5,normal.
E049,0,0.1416015625,0.0,23,normal.
E021,0,0.314453125,0.00049591064453125,6,normal.
E041,0,0.0439453125,0.00010585784912109375,21,normal.
E018,0,0.2998046875,0.000461578369140625,8,normal.
E033,0,0.3232421875,0.00118255615234375,14,normal.
E019,0,1.623046875,0.00031566619873046875,22,normal.
E003,0,0.0283203125,7.534027099609375e-05,13,normal.
E048,0,0.0,0.0,6,normal.
E016,0,0.2890625,0.0009527206420898438,20,normal.
E042,0,0.1962890625,0.0004367828369140625,4,normal.
E032,0,0.234375,0.00034427642822265625,1,normal.
E043,0,0.287109375,0.0035066604614257812,7,normal.
E016,0,1.0078125,0.0,22,smurf.
E037,0,0.3056640625,0.026342391967773438,19,normal.
E039,0,0.73046875,0.0,10,normal.
E009,0,0.2216796875,0.000751495361328125,8,normal.
E012,0,0.2802734375,0.000751495361328125,20,normal.
E037,0,0.2412109375,0.0002536773681640625,0,normal.
E028,0,0.04296875,0.00012111663818359375,11,normal.
E042,0,0.2802734375,0.03911781311035156,13,normal.
E025,0,0.212890625,0.002685546875,0,normal.
E017,0,1.2509765625,0.0003147125244140625,20,normal.
E022,0,0.1025390625,0.00013828277587890625,12,normal.
E020,0,0.1025390625,0.00014019012451171875,18,normal.
E049,0,0.2216796875,0.0013170242309570312,12,normal.
E042,0,0.0,0.0,15,normal.
E026,0,0.23828125,0.0006628036499023438,5,normal.
E000,0,0.1025390625,0.00014019012451171875,19,normal.
E016,0,0.1796875,0.0025300979614257812,16,normal.
E010,0,0.2841796875,0.0005140304565429688,6,normal.
E022,0,0.1923828125,0.007727622985839844,18,normal.
E025,0,2.8134765625,0.0,9,normal.
E008,0,0.0419921875,6.771087646484375e-05,15,normal.
E047,0,0.0439453125,0.00010967254638671875,11,normal.
E002,0,0.0,0.0,0,normal.
E040,0,1.8896484375,0.00034809112548828125,22,normal.
E018,0,0.142578125,0.00010013580322265625,23,normal.
E046,0,0.224609375,0.0002460479736328125,10,normal.
E028,0,0.1025390625,0.00013828277587890625,12,normal.
E014,0,0.1875,0.0014209747314453125,19,normal.
E035,0,1.271484375,0.00031280517578125,1,normal.
E011,0,0.1025390625,0.0001392364501953125,20,normal.
E028,0,0.1025390625,0.0001392364501953125,8,normal.
E013,0,0.2705078125,0.011483192443847656,0,normal.
E023,0,0.2890625,0.0012578964233398438,20,normal.
E046,0,0.1025390625,0.00013828277587890625,7,normal.
E049,0,0.0078125,0.00025844573974609375,8,normal.
E017,0,0.0693359375,0.0,12,normal.
E001,0,0.169921875,0.009263038635253906,11,normal.
E010,0,0.2509765625,0.000194549560546875,14,normal.
E027,0,0.2099609375,0.0018825531005859375,18,normal.
E016,0,0.65625,0.0003185272216796875,21,normal.
E041,0,0.255859375,0.0006628036499023438,6,normal.
E038,0,2.279296875,0.0005235671997070312,23,normal.
E024,0,0.0,0.0,9,normal.
E038,0,0.759765625,0.00031185150146484375,20,normal.
E029,0,0.1884765625,0.0002803802490234375,1,normal.
E021,0,0.1455078125,0.0014104843139648438,21,normal.
E037,0,0.365234375,0.00025463104248046875,13,normal.
E001,0,0.1875,0.0019750595092773438,16,normal.
E024,0,0.1923828125,0.0035572052001953125,1,normal.
E038,0,0.2119140625,0.00152587890625,20,normal.
E030,0,0.1025390625,0.0001392364501953125,7,normal.
E031,0,0.240234375,0.001689910888671875,23,normal.
E032,0,0.0,0.0,12,normal.
E004,0,0.8330078125,0.0003147125244140625,11,normal.
E035,0,0.3515625,0.0030298233032226562,2,normal.
E037,0,0.3037109375,0.0005702972412109375,7,normal.
E046,0,0.0078125,0.0001316070556640625,4,normal.
E048,0,0.22265625,0.0023822784423828125,20,normal.
E020,0,0.2041015625,0.0007610321044921875,13,normal.
E003,0,0.2412109375,0.00186920166015625,23,normal.
E018,0,2.0712890625,0.000396728515625,16,normal.
E035,0,1.1171875,0.00031280517578125,3,normal.
E002,0,0.2001953125,0.00034809112548828125,14,normal.
E009,0,0.294921875,0.0021352767944335938,23,normal.
E042,0,0.2705078125,0.0004596710205078125,7,normal.
E026,0,0.1025390625,0.00013828277587890625,10,normal.
E014,0,0.21484375,0.0025882720947265625,9,normal.
E034,0,0.3017578125,0.0009822845458984375,18,normal.
E007,0,0.3125,0.001216888427734375,4,normal.
E003,0,0.193359375,0.007968902587890625,21,normal.
E026,0,0.04296875,0.00010776519775390625,6,normal.
E025,0,0.2138671875,0.005131721496582031,4,normal.
E025,0,0.3212890625,0.000179290771484375,16,normal.
E037,0,0.0,0.0,6,normal.
E030,0,0.1591796875,0.012652397155761719,21,normal.
E011,0,0.142578125,0.00010013580322265625,3,normal.
E008,0,0.033203125,8.392333984375e-05,18,normal.
E039,0,1.24609375,0.00034809112548828125,17,normal.
E046,0,0.142578125,0.0,10,normal.
E024,0,0.1025390625,0.0001392364501953125,7,normal.
E043,0,0.32421875,0.0014696121215820312,5,normal.
E017,0,0.2041015625,0.0023593902587890625,19,normal.
E003,0,0.33984375,0.00023555755615234375,12,normal.
E025,0,0.0,0.0,22,normal.
E047,0,0.1953125,0.006417274475097656,11,normal.
E036,0,0.27734375,0.0006284713745117188,15,normal.
E025,0,0.1953125,0.00025463104248046875,7,normal.
E018,0,0.2060546875,0.0011701583862304688,19,normal.
E000,0,0.1953125,0.016973495483398438,16,normal.
E011,0,0.216796875,0.002681732177734375,2,normal.
E006,0,0.1025390625,0.0001392364501953125,6,normal.
E030,0,1.021484375,0.0003223419189453125,14,normal.
E021,0,0.142578125,0.0,9,normal.
E043,0,0.2275390625,0.0010251998901367188,4,normal.
E048,0,0.044921875,4.38690185546875e-05,1,normal.
E029,0,0.2490234375,0.0008897781372070312,8,normal.
E019,0,0.04296875,0.00010776519775390625,4,normal.
E003,0,0.515625,0.010518074035644531,9,normal.
E017,0,0.6904296875,0.0019807815551757812,17,normal.
E002,0,25.7890625,0.0,2,normal.
E020,0,0.2158203125,0.0011043548583984375,1,normal.
E023,0,0.34375,0.002338409423828125,9,normal.
E009,0,0.22265625,0.004199028015136719,17,normal.
E040,0,0.330078125,0.00026226043701171875,18,normal.
E005,0,0.1982421875,0.00025653839111328125,11,normal.
E038,0,0.2734375,0.0013360977172851562,14,normal.
E033,0,0.2353515625,0.009005546569824219,2,normal.
E027,0,0.3154296875,0.0004062652587890625,5,normal.
E043,0,0.2236328125,0.0006923675537109375,3,normal.
E019,0,0.3095703125,0.00177001953125,11,normal.
E020,0,0.2783203125,0.0014600753784179688,13,normal.
E040,0,0.3056640625,0.0018787384033203125,0,normal.
E003,0,0.142578125,0.00010013580322265625,12,normal.
E000,0,0.2314453125,0.010258674621582031,0,normal.
E042,0,0.22265625,0.006993293762207031,9,normal.
E007,0,0.326171875,0.0010156631469726562,18,normal.
E022,0,0.033203125,3.24249267578125e-05,5,normal.
E000,0,0.29296875,0.0010519027709960938,19,normal.
E025,0,0.275390625,0.0050334930419921875,21,normal.
E008,0,1.296875,0.0003147125244140625,23,normal.
E033,0,0.1025390625,0.00014019012451171875,1,normal.
E027,0,0.1474609375,0.025691986083984375,19,normal.
E049,0,0.2841796875,0.000667572021484375,17,normal.
E018,0,0.1435546875,0.00010013580322265625,22,normal.
E009,0,0.1552734375,0.005890846252441406,19,normal.
E027,0,0.28515625,0.0036458969116210938,12,normal.
E006,0,0.2021484375,0.0061817169189453125,8,normal.
E036,0,0.267578125,0.0028009414672851562,2,normal.
E030,0,0.32421875,0.010939598083496094,15,normal.
E035,0,0.033203125,8.678436279296875e-05,18,normal.
E041,0,0.1435546875,0.00010013580322265625,19,normal.
E021,0,0.3525390625,0.0060520172119140625,6,normal.
E026,0,0.3046875,0.002254486083984375,22,normal.
E034,0,0.162109375,0.00028324127197265625,7,normal.
E040,0,0.2041015625,0.0009326934814453125,15,normal.
E017,0,0.2900390625,0.000576019287109375,3,normal.
E021,0,0.0,0.0,10,normal.
E013,0,1.0078125,0.0,4,smurf.
E027,0,1.0791015625,0.00035190582275390625,17,normal.
E049,0,0.3291015625,0.000492095947265625,16,normal.
E004,0,0.193359375,0.0014486312866210938,7,normal.
E002,0,0.1513671875,0.032901763916015625,3,normal.
E045,0,0.33984375,0.0020112991333007812,4,normal.
E038,0,0.216796875,0.0009517669677734375,15,normal.
E014,0,0.205078125,0.0023565292358398438,16,normal.
E024,0,0.2939453125,0.0010251998901367188,9,normal.
E040,0,0.3037109375,0.0002899169921875,14,normal.
E003,0,0.21875,0.0003871917724609375,5,normal.
E021,0,0.1591796875,0.0027589797973632812,3,normal.
E043,0,0.1962890625,0.00170135498046875,8,normal.
E000,0,13.72265625,0.0,16,normal.
E027,0,1.1240234375,0.0003147125244140625,8,normal.
E023,0,0.0,0.0,23,normal.
E006,0,0.2236328125,0.002407073974609375,0,normal.
E038,0,0.9267578125,0.00031757354736328125,18,normal.
E033,0,0.228515625,0.0016546249389648438,1,normal.
E039,0,0.201171875,0.003918647766113281,3,normal.
E002,0,0.1689453125,0.0043125152587890625,23,normal.
E043,0,0.1435546875,0.0,12,normal.
E040,0,0.1025390625,0.00013828277587890625,5,normal.
E017,0,0.1025390625,0.00014019012451171875,18,normal.
E032,0,1.0078125,0.0,2,smurf.
E043,0,0.1767578125,0.005366325378417969,9,normal.
E001,0,0.326171875,0.005282402038574219,10,normal.
E038,0,0.2392578125,0.004090309143066406,16,normal.
E003,0,1.19921875,0.00030994415283203125,22,normal.
E020,0,0.7744140625,0.00031280517578125,11,normal.
E024,0,1.0078125,0.0,3,smurf.
E017,0,0.2431640625,0.0021600723266601562,14,normal.
E017,0,0.0419921875,5.626678466796875e-05,0,normal.
E014,0,0.2998046875,0.0018835067749023438,4,normal.
E039,0,0.1552734375,0.010270118713378906,22,normal.
E042,0,0.26953125,0.0036249160766601562,19,normal.
E033,0,0.193359375,0.0003032684326171875,16,normal.
E004,0,0.294921875,0.0016355514526367188,16,normal.
E045,0,0.0458984375,0.00010776519775390625,16,normal.
E011,0,0.2431640625,1.621246337890625e-05,2,normal.
E037,0,0.294921875,0.0021953582763671875,7,normal.
E009,0,0.2802734375,0.0011281967163085938,3,normal.
E026,0,0.2890625,0.0029821395874023438,16,normal.
E028,0,0.0,0.0,3,neptune.
E022,0,0.2099609375,0.001308441162109375,1,normal.
E019,0,0.0,0.0,1,normal.
E023,0,0.3193359375,0.0018568038940429688,5,normal.
E010,0,0.0,0.0,8,normal.
E013,0,0.1025390625,0.00014019012451171875,12,normal.
E039,0,0.1025390625,0.0001392364501953125,11,normal.
E023,0,0.27734375,0.02820301055908203,6,normal.
E008,0,0.1025390625,0.00014019012451171875,10,normal.
E037,0,0.32421875,0.002197265625,2,normal.
E006,0,0.2099609375,0.0012216567993164062,0,normal.
E031,0,0.041015625,0.0,0,normal.
E036,0,0.0419921875,0.00012111663818359375,20,normal.
E044,0,0.0,0.0,5,normal.
E047,0,0.1787109375,0.0,22,normal.
E038,0,0.2333984375,0.0020513534545898438,8,normal.
E031,0,0.3076171875,0.0018310546875,3,normal.
E049,0,0.50390625,3.814697265625e-06,17,normal.
E021,0,0.2021484375,0.0008897781372070312,4,normal.
E040,0,0.1787109375,0.0,5,normal.
E013,0,1.0078125,0.0,2,smurf.
E035,0,0.2998046875,0.003911018371582031,21,normal.
E043,0,0.21484375,0.0031642913818359375,21,normal.
E032,0,0.142578125,0.00010013580322265625,20,normal.
E040,0,0.1943359375,0.00048732757568359375,2,normal.
E018,0,0.1787109375,0.0,0,normal.
E006,0,1.9150390625,0.00038051605224609375,20,normal.
E008,0,0.2490234375,0.0006036758422851562,7,normal.
E028,0,0.2216796875,0.006993293762207031,17,normal.
E037,0,1.1640625,0.00031375885009765625,18,normal.
E047,0,0.0,0.0,13,normal.
E018,0,0.1435546875,0.00010013580322265625,16,normal.
E005,0,0.224609375,0.0005474090576171875,13,normal.
E042,0,0.0,0.0,16,normal.
E003,0,0.2197265625,0.004978179931640625,0,normal.
E022,0,0.7783203125,0.00036907196044921875,1,normal.
E000,0,0.248046875,0.009748458862304688,21,normal.
E032,0,0.310546875,0.0013856887817382812,5,normal.
E020,0,0.3212890625,0.007844924926757812,0,normal.
E025,0,0.21484375,0.0011377334594726562,21,normal.
E049,0,0.2021484375,0.0002918243408203125,21,normal.
E039,0,0.26953125,0.0024251937866210938,22,normal.
E013,0,0.142578125,0.00010013580322265625,11,normal.
E002,0,0.220703125,0.0011796951293945312,5,normal.
E012,0,0.2314453125,0.0012941360473632812,5,normal.
E022,0,0.8212890625,0.16548824310302734,20,normal.
E041,0,0.2734375,0.0019750595092773438,13,normal.
E044,0,0.0,0.0,3,normal.
E035,0,0.18359375,0.000904083251953125,13,normal.
E027,0,0.15625,0.0061931610107421875,1,normal.
E031,0,0.15625,0.0038442611694335938,16,normal.
E001,0,0.3154296875,0.0025787353515625,20,normal.
E000,0,0.322265625,0.003936767578125,17,normal.
E003,0,0.1025390625,0.0,7,normal.
E009,0,0.2646484375,0.00028896331787109375,20,normal.
E045,0,1.3291015625,0.00034427642822265625,16,normal.
E003,0,0.306640625,0.001056671142578125,9,normal.
E022,0,0.0,0.0,19,normal.
E036,0,0.31640625,0.0007266998291015625,2,normal.
E036,0,0.236328125,0.0026216506958007812,0,normal.
E044,0,0.0517578125,0.0,16,normal.
E018,0,0.0,0.0,14,normal.
